ftx,1INCH/USD
ftx,AAPL/USD
ftx,AAVE/USD
ftx,AAVE/USDT
ftx,ABNB/USD
ftx,ACB/USD
ftx,AKRO/USD
ftx,AKRO/USDT
ftx,ALCX/USD
ftx,ALPHA/USD
ftx,AMC/USD
ftx,AMD/USD
ftx,AMPL/USD
ftx,AMPL/USDT
ftx,AMZN/USD
ftx,APHA/USD
ftx,ARKK/USD
ftx,AUD/USD
ftx,AUDIO/USD
ftx,AUDIO/USDT
ftx,AXS/USD
ftx,BABA/USD
ftx,BADGER/USD
ftx,BAL/USD
ftx,BAL/USDT
ftx,BAND/USD
ftx,BAO/USD
ftx,BAT/USD
ftx,BB/USD
ftx,BCH/BTC
ftx,BCH/USD
ftx,BCH/USDT
ftx,BILI/USD
ftx,BITW/USD
ftx,BNB/BTC
ftx,BNB/USD
ftx,BNB/USDT
ftx,BNT/USD
ftx,BNTX/USD
ftx,BRZ/USD
ftx,BRZ/USDT
ftx,BTC/AUD
ftx,BTC/BRZ
ftx,BTC/EUR
ftx,BTC/TRYB
ftx,BTC/USD
ftx,BTC/USDT
ftx,BTMX/USD
ftx,BYND/USD
ftx,CAD/USD
ftx,CEL/USD
ftx,CGC/USD
ftx,CHZ/USD
ftx,CHZ/USDT
ftx,COIN/USD
ftx,COMP/USD
ftx,COMP/USDT
ftx,CONV/USD
ftx,COPE/USD
ftx,CREAM/USD
ftx,CREAM/USDT
ftx,CRO/USD
ftx,CRON/USD
ftx,CRV/USD
ftx,CUSDT/USD
ftx,CUSDT/USDT
ftx,DAI/USD
ftx,DAI/USDT
ftx,DAWN/USD
ftx,DENT/USD
ftx,DMG/USD
ftx,DMG/USDT
ftx,DODO/USD
ftx,DOGE/BTC
ftx,DOGE/USD
ftx,DOGE/USDT
ftx,EMB/USD
ftx,ENJ/USD
ftx,ETH/AUD
ftx,ETH/BRZ
ftx,ETH/BTC
ftx,ETH/EUR
ftx,ETH/USD
ftx,ETH/USDT
ftx,ETHE/USD
ftx,EUR/USD
ftx,FB/USD
ftx,FIDA/USD
ftx,FIDA/USDT
ftx,FRONT/USD
ftx,FRONT/USDT
ftx,FTM/USD
ftx,FTT/BTC
ftx,FTT/USD
ftx,FTT/USDT
ftx,GBP/USD
ftx,GBTC/USD
ftx,GDX/USD
ftx,GDXJ/USD
ftx,GLD/USD
ftx,GLXY/USD
ftx,GME/USD
ftx,GOOGL/USD
ftx,GRT/USD
ftx,GT/USD
ftx,HGET/USD
ftx,HGET/USDT
ftx,HNT/USD
ftx,HNT/USDT
ftx,HOLY/USD
ftx,HOOD/USD
ftx,HT/USD
ftx,HUM/USD
ftx,HXRO/USD
ftx,HXRO/USDT
ftx,JST/USD
ftx,KIN/USD
ftx,KNC/USD
ftx,KNC/USDT
ftx,LEO/USD
ftx,LINA/USD
ftx,LINK/BTC
ftx,LINK/USD
ftx,LINK/USDT
ftx,LRC/USD
ftx,LTC/BTC
ftx,LTC/USD
ftx,LTC/USDT
ftx,LUA/USD
ftx,LUA/USDT
ftx,MAPS/USD
ftx,MAPS/USDT
ftx,MATH/USD
ftx,MATH/USDT
ftx,MATIC/USD
ftx,MEDIA/USD
ftx,MKR/USD
ftx,MKR/USDT
ftx,MOB/USD
ftx,MOB/USDT
ftx,MRNA/USD
ftx,MSTR/USD
ftx,MTA/USD
ftx,MTA/USDT
ftx,MTL/USD
ftx,NFLX/USD
ftx,NIO/USD
ftx,NOK/USD
ftx,NVDA/USD
ftx,OKB/USD
ftx,OMG/USD
ftx,ORBS/USD
ftx,OXY/USD
ftx,OXY/USDT
ftx,PAXG/USD
ftx,PAXG/USDT
ftx,PENN/USD
ftx,PERP/USD
ftx,PFE/USD
ftx,PROM/USD
ftx,PUNDIX/USD
ftx,PYPL/USD
ftx,RAMP/USD
ftx,RAY/USD
ftx,REEF/USD
ftx,REN/USD
ftx,ROOK/USD
ftx,ROOK/USDT
ftx,RSR/USD
ftx,RUNE/USD
ftx,RUNE/USDT
ftx,SAND/USD
ftx,SECO/USD
ftx,SGD/USD
ftx,SHIB/USD
ftx,SKL/USD
ftx,SLV/USD
ftx,SNX/USD
ftx,SOL/BTC
ftx,SOL/USD
ftx,SOL/USDT
ftx,SPY/USD
ftx,SQ/USD
ftx,SRM/USD
ftx,SRM/USDT
ftx,STEP/USD
ftx,STMX/USD
ftx,STORJ/USD
ftx,SUN/USD
ftx,SUSHI/BTC
ftx,SUSHI/USD
ftx,SUSHI/USDT
ftx,SXP/USD
ftx,SXP/USDT
ftx,TLRY/USD
ftx,TOMO/USD
ftx,TOMO/USDT
ftx,TRU/USD
ftx,TRU/USDT
ftx,TRX/USD
ftx,TRX/USDT
ftx,TRYB/USD
ftx,TSLA/BTC
ftx,TSLA/DOGE
ftx,TSLA/USD
ftx,TSM/USD
ftx,TWTR/USD
ftx,UBER/USD
ftx,UBXT/USD
ftx,UBXT/USDT
ftx,UNI/BTC
ftx,UNI/USD
ftx,UNI/USDT
ftx,USDT/USD
ftx,USO/USD
ftx,WAVES/USD
ftx,WBTC/USD
ftx,WRX/USD
ftx,WRX/USDT
ftx,XAUT/USD
ftx,XAUT/USDT
ftx,XRP/BTC
ftx,XRP/USD
ftx,XRP/USDT
ftx,YFI/BTC
ftx,YFI/USD
ftx,YFI/USDT
ftx,YFII/USD
ftx,ZM/USD
ftx,ZRX/USD
ftx,ADABEAR/USD
ftx,ADABULL/USD
ftx,ADAHALF/USD
ftx,ADAHEDGE/USD
ftx,ALGOBEAR/USD
ftx,ALGOBULL/USD
ftx,ALGOHALF/USD
ftx,ALGOHEDGE/USD
ftx,ALTBEAR/USD
ftx,ALTBULL/USD
ftx,ALTHALF/USD
ftx,ALTHEDGE/USD
ftx,ATOMBEAR/USD
ftx,ATOMBULL/USD
ftx,ATOMHALF/USD
ftx,ATOMHEDGE/USD
ftx,BALBEAR/USD
ftx,BALBEAR/USDT
ftx,BALBULL/USD
ftx,BALBULL/USDT
ftx,BALHALF/USD
ftx,BALHEDGE/USD
ftx,BCHBEAR/USD
ftx,BCHBEAR/USDT
ftx,BCHBULL/USD
ftx,BCHBULL/USDT
ftx,BCHHALF/USD
ftx,BCHHEDGE/USD
ftx,BEAR/USD
ftx,BEAR/USDT
ftx,BEARSHIT/USD
ftx,BNBBEAR/USD
ftx,BNBBEAR/USDT
ftx,BNBBULL/USD
ftx,BNBBULL/USDT
ftx,BNBHALF/USD
ftx,BNBHEDGE/USD
ftx,BSVBEAR/USD
ftx,BSVBEAR/USDT
ftx,BSVBULL/USD
ftx,BSVBULL/USDT
ftx,BSVHALF/USD
ftx,BSVHEDGE/USD
ftx,BTMXBEAR/USD
ftx,BTMXBEAR/USDT
ftx,BTMXBULL/USD
ftx,BTMXBULL/USDT
ftx,BTMXHALF/USD
ftx,BTMXHEDGE/USD
ftx,BULL/USD
ftx,BULL/USDT
ftx,BULLSHIT/USD
ftx,BVOL/BTC
ftx,BVOL/USD
ftx,BVOL/USDT
ftx,COMPBEAR/USD
ftx,COMPBEAR/USDT
ftx,COMPBULL/USD
ftx,COMPBULL/USDT
ftx,COMPHALF/USD
ftx,COMPHEDGE/USD
ftx,CUSDTBEAR/USD
ftx,CUSDTBEAR/USDT
ftx,CUSDTBULL/USD
ftx,CUSDTBULL/USDT
ftx,CUSDTHALF/USD
ftx,CUSDTHEDGE/USD
ftx,DEFIBEAR/USD
ftx,DEFIBEAR/USDT
ftx,DEFIBULL/USD
ftx,DEFIBULL/USDT
ftx,DEFIHALF/USD
ftx,DEFIHEDGE/USD
ftx,DOGEBEAR2021/USD
ftx,DOGEBULL/USD
ftx,DOGEHALF/USD
ftx,DOGEHEDGE/USD
ftx,DRGNBEAR/USD
ftx,DRGNBULL/USD
ftx,DRGNHALF/USD
ftx,DRGNHEDGE/USD
ftx,EOSBEAR/USD
ftx,EOSBEAR/USDT
ftx,EOSBULL/USD
ftx,EOSBULL/USDT
ftx,EOSHALF/USD
ftx,EOSHEDGE/USD
ftx,ETCBEAR/USD
ftx,ETCBULL/USD
ftx,ETCHALF/USD
ftx,ETCHEDGE/USD
ftx,ETHBEAR/USD
ftx,ETHBEAR/USDT
ftx,ETHBULL/USD
ftx,ETHBULL/USDT
ftx,ETHHALF/USD
ftx,ETHHEDGE/USD
ftx,EXCHBEAR/USD
ftx,EXCHBULL/USD
ftx,EXCHHALF/USD
ftx,EXCHHEDGE/USD
ftx,GRTBEAR/USD
ftx,GRTBULL/USD
ftx,HALF/USD
ftx,HALFSHIT/USD
ftx,HEDGE/USD
ftx,HEDGESHIT/USD
ftx,HTBEAR/USD
ftx,HTBULL/USD
ftx,HTHALF/USD
ftx,HTHEDGE/USD
ftx,IBVOL/BTC
ftx,IBVOL/USD
ftx,IBVOL/USDT
ftx,KNCBEAR/USD
ftx,KNCBEAR/USDT
ftx,KNCBULL/USD
ftx,KNCBULL/USDT
ftx,KNCHALF/USD
ftx,KNCHEDGE/USD
ftx,LEOBEAR/USD
ftx,LEOBULL/USD
ftx,LEOHALF/USD
ftx,LEOHEDGE/USD
ftx,LINKBEAR/USD
ftx,LINKBEAR/USDT
ftx,LINKBULL/USD
ftx,LINKBULL/USDT
ftx,LINKHALF/USD
ftx,LINKHEDGE/USD
ftx,LTCBEAR/USD
ftx,LTCBEAR/USDT
ftx,LTCBULL/USD
ftx,LTCBULL/USDT
ftx,LTCHALF/USD
ftx,LTCHEDGE/USD
ftx,MATICBEAR2021/USD
ftx,MATICBULL/USD
ftx,MATICHALF/USD
ftx,MATICHEDGE/USD
ftx,MIDBEAR/USD
ftx,MIDBULL/USD
ftx,MIDHALF/USD
ftx,MIDHEDGE/USD
ftx,MKRBEAR/USD
ftx,MKRBULL/USD
ftx,OKBBEAR/USD
ftx,OKBBULL/USD
ftx,OKBHALF/USD
ftx,OKBHEDGE/USD
ftx,PAXGBEAR/USD
ftx,PAXGBULL/USD
ftx,PAXGHALF/USD
ftx,PAXGHEDGE/USD
ftx,PRIVBEAR/USD
ftx,PRIVBULL/USD
ftx,PRIVHALF/USD
ftx,PRIVHEDGE/USD
ftx,SUSHIBEAR/USD
ftx,SUSHIBULL/USD
ftx,SXPBEAR/USD
ftx,SXPBULL/USD
ftx,SXPHALF/USD
ftx,SXPHALF/USDT
ftx,SXPHEDGE/USD
ftx,THETABEAR/USD
ftx,THETABULL/USD
ftx,THETAHALF/USD
ftx,THETAHEDGE/USD
ftx,TOMOBEAR2021/USD
ftx,TOMOBULL/USD
ftx,TOMOHALF/USD
ftx,TOMOHEDGE/USD
ftx,TRXBEAR/USD
ftx,TRXBULL/USD
ftx,TRXHALF/USD
ftx,TRXHEDGE/USD
ftx,TRYBBEAR/USD
ftx,TRYBBULL/USD
ftx,TRYBHALF/USD
ftx,TRYBHEDGE/USD
ftx,UNISWAPBEAR/USD
ftx,UNISWAPBULL/USD
ftx,USDTBEAR/USD
ftx,USDTBULL/USD
ftx,USDTHALF/USD
ftx,USDTHEDGE/USD
ftx,VETBEAR/USD
ftx,VETBEAR/USDT
ftx,VETBULL/USD
ftx,VETBULL/USDT
ftx,VETHEDGE/USD
ftx,XAUTBEAR/USD
ftx,XAUTBULL/USD
ftx,XAUTHALF/USD
ftx,XAUTHEDGE/USD
ftx,XLMBEAR/USD
ftx,XLMBULL/USD
ftx,XRPBEAR/USD
ftx,XRPBEAR/USDT
ftx,XRPBULL/USD
ftx,XRPBULL/USDT
ftx,XRPHALF/USD
ftx,XRPHEDGE/USD
ftx,XTZBEAR/USD
ftx,XTZBEAR/USDT
ftx,XTZBULL/USD
ftx,XTZBULL/USDT
ftx,XTZHALF/USD
ftx,XTZHEDGE/USD
ftx,ZECBEAR/USD
ftx,ZECBULL/USD
coinbase-pro,BNT-EUR
coinbase-pro,BAT-EUR
coinbase-pro,SKL-EUR
coinbase-pro,CVC-USDC
coinbase-pro,MANA-ETH
coinbase-pro,ZRX-EUR
coinbase-pro,NU-EUR
coinbase-pro,XTZ-USD
coinbase-pro,NKN-BTC
coinbase-pro,1INCH-GBP
coinbase-pro,SUSHI-GBP
coinbase-pro,ENJ-USD
coinbase-pro,MATIC-USD
coinbase-pro,OMG-GBP
coinbase-pro,SUSHI-ETH
coinbase-pro,1INCH-USD
coinbase-pro,ICP-GBP
coinbase-pro,CTSI-USD
coinbase-pro,DASH-BTC
coinbase-pro,BCH-EUR
coinbase-pro,COMP-USD
coinbase-pro,SUSHI-EUR
coinbase-pro,MKR-USD
coinbase-pro,WBTC-USD
coinbase-pro,REP-BTC
coinbase-pro,ATOM-USD
coinbase-pro,WBTC-BTC
coinbase-pro,YFI-BTC
coinbase-pro,USDT-EUR
coinbase-pro,AAVE-USD
coinbase-pro,GRT-USD
coinbase-pro,ZEC-USDC
coinbase-pro,USDC-EUR
coinbase-pro,BNT-BTC
coinbase-pro,CGLD-USD
coinbase-pro,ETC-USD
coinbase-pro,MANA-USD
coinbase-pro,MANA-USDC
coinbase-pro,REN-BTC
coinbase-pro,USDT-USDC
coinbase-pro,MANA-BTC
coinbase-pro,MKR-BTC
coinbase-pro,XTZ-BTC
coinbase-pro,BTC-USDC
coinbase-pro,BTC-GBP
coinbase-pro,SKL-USD
coinbase-pro,ANKR-USD
coinbase-pro,BTC-USD
coinbase-pro,BAT-ETH
coinbase-pro,DAI-USD
coinbase-pro,OGN-BTC
coinbase-pro,SUSHI-USD
coinbase-pro,XTZ-GBP
coinbase-pro,REN-USD
coinbase-pro,XLM-EUR
coinbase-pro,YFI-USD
coinbase-pro,DNT-USDC
coinbase-pro,ZEC-USD
coinbase-pro,CGLD-EUR
coinbase-pro,STORJ-BTC
coinbase-pro,LTC-USD
coinbase-pro,MATIC-BTC
coinbase-pro,LRC-BTC
coinbase-pro,OXT-USD
coinbase-pro,EOS-BTC
coinbase-pro,ETH-EUR
coinbase-pro,MIR-BTC
coinbase-pro,BTC-EUR
coinbase-pro,KNC-USD
coinbase-pro,ETC-BTC
coinbase-pro,FORTH-GBP
coinbase-pro,ETH-DAI
coinbase-pro,XTZ-EUR
coinbase-pro,AAVE-BTC
coinbase-pro,SKL-GBP
coinbase-pro,ICP-EUR
coinbase-pro,BAL-USD
coinbase-pro,LTC-BTC
coinbase-pro,ADA-ETH
coinbase-pro,NKN-USD
coinbase-pro,BTC-USDT
coinbase-pro,BNT-USD
coinbase-pro,ANKR-GBP
coinbase-pro,MATIC-GBP
coinbase-pro,AAVE-EUR
coinbase-pro,OGN-USD
coinbase-pro,ADA-BTC
coinbase-pro,DAI-USDC
coinbase-pro,ADA-USD
coinbase-pro,SNX-GBP
coinbase-pro,NMR-USD
coinbase-pro,SNX-USD
coinbase-pro,LOOM-USDC
coinbase-pro,NMR-BTC
coinbase-pro,LINK-GBP
coinbase-pro,LINK-BTC
coinbase-pro,AAVE-GBP
coinbase-pro,BAND-GBP
coinbase-pro,ATOM-BTC
coinbase-pro,1INCH-EUR
coinbase-pro,ETH-GBP
coinbase-pro,USDT-GBP
coinbase-pro,EOS-EUR
coinbase-pro,ZRX-BTC
coinbase-pro,CRV-GBP
coinbase-pro,ALGO-BTC
coinbase-pro,ANKR-EUR
coinbase-pro,GNT-USDC
coinbase-pro,CTSI-BTC
coinbase-pro,GRT-EUR
coinbase-pro,ETH-USDC
coinbase-pro,NU-BTC
coinbase-pro,ZRX-USD
coinbase-pro,MANA-EUR
coinbase-pro,EOS-USD
coinbase-pro,CRV-EUR
coinbase-pro,MIR-EUR
coinbase-pro,LTC-EUR
coinbase-pro,MIR-USD
coinbase-pro,LINK-USD
coinbase-pro,BAT-BTC
coinbase-pro,LRC-USD
coinbase-pro,TRB-BTC
coinbase-pro,BCH-GBP
coinbase-pro,SKL-BTC
coinbase-pro,STORJ-USD
coinbase-pro,ETH-USD
coinbase-pro,NU-GBP
coinbase-pro,KNC-BTC
coinbase-pro,UNI-USD
coinbase-pro,UNI-BTC
coinbase-pro,MATIC-EUR
coinbase-pro,FIL-BTC
coinbase-pro,RLC-USD
coinbase-pro,FIL-EUR
coinbase-pro,UMA-GBP
coinbase-pro,UMA-BTC
coinbase-pro,LTC-GBP
coinbase-pro,BCH-USD
coinbase-pro,FIL-GBP
coinbase-pro,USDT-USD
coinbase-pro,ETH-USDT
coinbase-pro,OMG-USD
coinbase-pro,GRT-BTC
coinbase-pro,NMR-EUR
coinbase-pro,FORTH-EUR
coinbase-pro,UMA-USD
coinbase-pro,XLM-USD
coinbase-pro,OMG-BTC
coinbase-pro,ICP-USDT
coinbase-pro,NMR-GBP
coinbase-pro,ZEC-BTC
coinbase-pro,UMA-EUR
coinbase-pro,ENJ-BTC
coinbase-pro,NU-USD
coinbase-pro,SNX-BTC
coinbase-pro,BAT-USDC
coinbase-pro,REP-USD
coinbase-pro,ETC-GBP
coinbase-pro,FORTH-BTC
coinbase-pro,FIL-USD
coinbase-pro,SNX-EUR
coinbase-pro,BAND-USD
coinbase-pro,ADA-EUR
coinbase-pro,SUSHI-BTC
coinbase-pro,TRB-USD
coinbase-pro,BNT-GBP
coinbase-pro,ALGO-GBP
coinbase-pro,COMP-BTC
coinbase-pro,DASH-USD
coinbase-pro,FORTH-USD
coinbase-pro,MIR-GBP
coinbase-pro,RLC-BTC
coinbase-pro,BAND-BTC
coinbase-pro,ETC-EUR
coinbase-pro,BCH-BTC
coinbase-pro,1INCH-BTC
coinbase-pro,ETH-BTC
coinbase-pro,CGLD-GBP
coinbase-pro,LINK-EUR
coinbase-pro,ADA-USDC
coinbase-pro,CRV-BTC
coinbase-pro,BAL-BTC
coinbase-pro,ADA-GBP
coinbase-pro,ICP-USD
coinbase-pro,ALGO-USD
coinbase-pro,CGLD-BTC
coinbase-pro,XLM-BTC
coinbase-pro,CRV-USD
coinbase-pro,GRT-GBP
coinbase-pro,LINK-ETH
coinbase-pro,ANKR-BTC
coinbase-pro,USDC-GBP
coinbase-pro,OMG-EUR
coinbase-pro,BAND-EUR
coinbase-pro,BAT-USD
coinbase-pro,ALGO-EUR
coinbase-pro,ICP-BTC
binance,ETHBTC
binance,LTCBTC
binance,BNBBTC
binance,NEOBTC
binance,QTUMETH
binance,EOSETH
binance,SNTETH
binance,BNTETH
binance,BCCBTC
binance,GASBTC
binance,BNBETH
binance,BTCUSDT
binance,ETHUSDT
binance,HSRBTC
binance,OAXETH
binance,DNTETH
binance,MCOETH
binance,ICNETH
binance,MCOBTC
binance,WTCBTC
binance,WTCETH
binance,LRCBTC
binance,LRCETH
binance,QTUMBTC
binance,YOYOBTC
binance,OMGBTC
binance,OMGETH
binance,ZRXBTC
binance,ZRXETH
binance,STRATBTC
binance,STRATETH
binance,SNGLSBTC
binance,SNGLSETH
binance,BQXBTC
binance,BQXETH
binance,KNCBTC
binance,KNCETH
binance,FUNBTC
binance,FUNETH
binance,SNMBTC
binance,SNMETH
binance,NEOETH
binance,IOTABTC
binance,IOTAETH
binance,LINKBTC
binance,LINKETH
binance,XVGBTC
binance,XVGETH
binance,SALTBTC
binance,SALTETH
binance,MDABTC
binance,MDAETH
binance,MTLBTC
binance,MTLETH
binance,SUBBTC
binance,SUBETH
binance,EOSBTC
binance,SNTBTC
binance,ETCETH
binance,ETCBTC
binance,MTHBTC
binance,MTHETH
binance,ENGBTC
binance,ENGETH
binance,DNTBTC
binance,ZECBTC
binance,ZECETH
binance,BNTBTC
binance,ASTBTC
binance,ASTETH
binance,DASHBTC
binance,DASHETH
binance,OAXBTC
binance,ICNBTC
binance,BTGBTC
binance,BTGETH
binance,EVXBTC
binance,EVXETH
binance,REQBTC
binance,REQETH
binance,VIBBTC
binance,VIBETH
binance,HSRETH
binance,TRXBTC
binance,TRXETH
binance,POWRBTC
binance,POWRETH
binance,ARKBTC
binance,ARKETH
binance,YOYOETH
binance,XRPBTC
binance,XRPETH
binance,MODBTC
binance,MODETH
binance,ENJBTC
binance,ENJETH
binance,STORJBTC
binance,STORJETH
binance,BNBUSDT
binance,VENBNB
binance,YOYOBNB
binance,POWRBNB
binance,VENBTC
binance,VENETH
binance,KMDBTC
binance,KMDETH
binance,NULSBNB
binance,RCNBTC
binance,RCNETH
binance,RCNBNB
binance,NULSBTC
binance,NULSETH
binance,RDNBTC
binance,RDNETH
binance,RDNBNB
binance,XMRBTC
binance,XMRETH
binance,DLTBNB
binance,WTCBNB
binance,DLTBTC
binance,DLTETH
binance,AMBBTC
binance,AMBETH
binance,AMBBNB
binance,BCCETH
binance,BCCUSDT
binance,BCCBNB
binance,BATBTC
binance,BATETH
binance,BATBNB
binance,BCPTBTC
binance,BCPTETH
binance,BCPTBNB
binance,ARNBTC
binance,ARNETH
binance,GVTBTC
binance,GVTETH
binance,CDTBTC
binance,CDTETH
binance,GXSBTC
binance,GXSETH
binance,NEOUSDT
binance,NEOBNB
binance,POEBTC
binance,POEETH
binance,QSPBTC
binance,QSPETH
binance,QSPBNB
binance,BTSBTC
binance,BTSETH
binance,BTSBNB
binance,XZCBTC
binance,XZCETH
binance,XZCBNB
binance,LSKBTC
binance,LSKETH
binance,LSKBNB
binance,TNTBTC
binance,TNTETH
binance,FUELBTC
binance,FUELETH
binance,MANABTC
binance,MANAETH
binance,BCDBTC
binance,BCDETH
binance,DGDBTC
binance,DGDETH
binance,IOTABNB
binance,ADXBTC
binance,ADXETH
binance,ADXBNB
binance,ADABTC
binance,ADAETH
binance,PPTBTC
binance,PPTETH
binance,CMTBTC
binance,CMTETH
binance,CMTBNB
binance,XLMBTC
binance,XLMETH
binance,XLMBNB
binance,CNDBTC
binance,CNDETH
binance,CNDBNB
binance,LENDBTC
binance,LENDETH
binance,WABIBTC
binance,WABIETH
binance,WABIBNB
binance,LTCETH
binance,LTCUSDT
binance,LTCBNB
binance,TNBBTC
binance,TNBETH
binance,WAVESBTC
binance,WAVESETH
binance,WAVESBNB
binance,GTOBTC
binance,GTOETH
binance,GTOBNB
binance,ICXBTC
binance,ICXETH
binance,ICXBNB
binance,OSTBTC
binance,OSTETH
binance,OSTBNB
binance,ELFBTC
binance,ELFETH
binance,AIONBTC
binance,AIONETH
binance,AIONBNB
binance,NEBLBTC
binance,NEBLETH
binance,NEBLBNB
binance,BRDBTC
binance,BRDETH
binance,BRDBNB
binance,MCOBNB
binance,EDOBTC
binance,EDOETH
binance,WINGSBTC
binance,WINGSETH
binance,NAVBTC
binance,NAVETH
binance,NAVBNB
binance,LUNBTC
binance,LUNETH
binance,TRIGBTC
binance,TRIGETH
binance,TRIGBNB
binance,APPCBTC
binance,APPCETH
binance,APPCBNB
binance,VIBEBTC
binance,VIBEETH
binance,RLCBTC
binance,RLCETH
binance,RLCBNB
binance,INSBTC
binance,INSETH
binance,PIVXBTC
binance,PIVXETH
binance,PIVXBNB
binance,IOSTBTC
binance,IOSTETH
binance,CHATBTC
binance,CHATETH
binance,STEEMBTC
binance,STEEMETH
binance,STEEMBNB
binance,NANOBTC
binance,NANOETH
binance,NANOBNB
binance,VIABTC
binance,VIAETH
binance,VIABNB
binance,BLZBTC
binance,BLZETH
binance,BLZBNB
binance,AEBTC
binance,AEETH
binance,AEBNB
binance,RPXBTC
binance,RPXETH
binance,RPXBNB
binance,NCASHBTC
binance,NCASHETH
binance,NCASHBNB
binance,POABTC
binance,POAETH
binance,POABNB
binance,ZILBTC
binance,ZILETH
binance,ZILBNB
binance,ONTBTC
binance,ONTETH
binance,ONTBNB
binance,STORMBTC
binance,STORMETH
binance,STORMBNB
binance,QTUMBNB
binance,QTUMUSDT
binance,XEMBTC
binance,XEMETH
binance,XEMBNB
binance,WANBTC
binance,WANETH
binance,WANBNB
binance,WPRBTC
binance,WPRETH
binance,QLCBTC
binance,QLCETH
binance,SYSBTC
binance,SYSETH
binance,SYSBNB
binance,QLCBNB
binance,GRSBTC
binance,GRSETH
binance,ADAUSDT
binance,ADABNB
binance,CLOAKBTC
binance,CLOAKETH
binance,GNTBTC
binance,GNTETH
binance,GNTBNB
binance,LOOMBTC
binance,LOOMETH
binance,LOOMBNB
binance,XRPUSDT
binance,BCNBTC
binance,BCNETH
binance,BCNBNB
binance,REPBTC
binance,REPETH
binance,REPBNB
binance,BTCTUSD
binance,TUSDBTC
binance,ETHTUSD
binance,TUSDETH
binance,TUSDBNB
binance,ZENBTC
binance,ZENETH
binance,ZENBNB
binance,SKYBTC
binance,SKYETH
binance,SKYBNB
binance,EOSUSDT
binance,EOSBNB
binance,CVCBTC
binance,CVCETH
binance,CVCBNB
binance,THETABTC
binance,THETAETH
binance,THETABNB
binance,XRPBNB
binance,TUSDUSDT
binance,IOTAUSDT
binance,XLMUSDT
binance,IOTXBTC
binance,IOTXETH
binance,QKCBTC
binance,QKCETH
binance,AGIBTC
binance,AGIETH
binance,AGIBNB
binance,NXSBTC
binance,NXSETH
binance,NXSBNB
binance,ENJBNB
binance,DATABTC
binance,DATAETH
binance,ONTUSDT
binance,TRXBNB
binance,TRXUSDT
binance,ETCUSDT
binance,ETCBNB
binance,ICXUSDT
binance,SCBTC
binance,SCETH
binance,SCBNB
binance,NPXSBTC
binance,NPXSETH
binance,VENUSDT
binance,KEYBTC
binance,KEYETH
binance,NASBTC
binance,NASETH
binance,NASBNB
binance,MFTBTC
binance,MFTETH
binance,MFTBNB
binance,DENTBTC
binance,DENTETH
binance,ARDRBTC
binance,ARDRETH
binance,ARDRBNB
binance,NULSUSDT
binance,HOTBTC
binance,HOTETH
binance,VETBTC
binance,VETETH
binance,VETUSDT
binance,VETBNB
binance,DOCKBTC
binance,DOCKETH
binance,POLYBTC
binance,POLYBNB
binance,PHXBTC
binance,PHXETH
binance,PHXBNB
binance,HCBTC
binance,HCETH
binance,GOBTC
binance,GOBNB
binance,PAXBTC
binance,PAXBNB
binance,PAXUSDT
binance,PAXETH
binance,RVNBTC
binance,RVNBNB
binance,DCRBTC
binance,DCRBNB
binance,USDCBNB
binance,MITHBTC
binance,MITHBNB
binance,BCHABCBTC
binance,BCHSVBTC
binance,BCHABCUSDT
binance,BCHSVUSDT
binance,BNBPAX
binance,BTCPAX
binance,ETHPAX
binance,XRPPAX
binance,EOSPAX
binance,XLMPAX
binance,RENBTC
binance,RENBNB
binance,BNBTUSD
binance,XRPTUSD
binance,EOSTUSD
binance,XLMTUSD
binance,BNBUSDC
binance,BTCUSDC
binance,ETHUSDC
binance,XRPUSDC
binance,EOSUSDC
binance,XLMUSDC
binance,USDCUSDT
binance,ADATUSD
binance,TRXTUSD
binance,NEOTUSD
binance,TRXXRP
binance,XZCXRP
binance,PAXTUSD
binance,USDCTUSD
binance,USDCPAX
binance,LINKUSDT
binance,LINKTUSD
binance,LINKPAX
binance,LINKUSDC
binance,WAVESUSDT
binance,WAVESTUSD
binance,WAVESPAX
binance,WAVESUSDC
binance,BCHABCTUSD
binance,BCHABCPAX
binance,BCHABCUSDC
binance,BCHSVTUSD
binance,BCHSVPAX
binance,BCHSVUSDC
binance,LTCTUSD
binance,LTCPAX
binance,LTCUSDC
binance,TRXPAX
binance,TRXUSDC
binance,BTTBTC
binance,BTTBNB
binance,BTTUSDT
binance,BNBUSDS
binance,BTCUSDS
binance,USDSUSDT
binance,USDSPAX
binance,USDSTUSD
binance,USDSUSDC
binance,BTTPAX
binance,BTTTUSD
binance,BTTUSDC
binance,ONGBNB
binance,ONGBTC
binance,ONGUSDT
binance,HOTBNB
binance,HOTUSDT
binance,ZILUSDT
binance,ZRXBNB
binance,ZRXUSDT
binance,FETBNB
binance,FETBTC
binance,FETUSDT
binance,BATUSDT
binance,XMRBNB
binance,XMRUSDT
binance,ZECBNB
binance,ZECUSDT
binance,ZECPAX
binance,ZECTUSD
binance,ZECUSDC
binance,IOSTBNB
binance,IOSTUSDT
binance,CELRBNB
binance,CELRBTC
binance,CELRUSDT
binance,ADAPAX
binance,ADAUSDC
binance,NEOPAX
binance,NEOUSDC
binance,DASHBNB
binance,DASHUSDT
binance,NANOUSDT
binance,OMGBNB
binance,OMGUSDT
binance,THETAUSDT
binance,ENJUSDT
binance,MITHUSDT
binance,MATICBNB
binance,MATICBTC
binance,MATICUSDT
binance,ATOMBNB
binance,ATOMBTC
binance,ATOMUSDT
binance,ATOMUSDC
binance,ATOMPAX
binance,ATOMTUSD
binance,ETCUSDC
binance,ETCPAX
binance,ETCTUSD
binance,BATUSDC
binance,BATPAX
binance,BATTUSD
binance,PHBBNB
binance,PHBBTC
binance,PHBUSDC
binance,PHBTUSD
binance,PHBPAX
binance,TFUELBNB
binance,TFUELBTC
binance,TFUELUSDT
binance,TFUELUSDC
binance,TFUELTUSD
binance,TFUELPAX
binance,ONEBNB
binance,ONEBTC
binance,ONEUSDT
binance,ONETUSD
binance,ONEPAX
binance,ONEUSDC
binance,FTMBNB
binance,FTMBTC
binance,FTMUSDT
binance,FTMTUSD
binance,FTMPAX
binance,FTMUSDC
binance,BTCBBTC
binance,BCPTTUSD
binance,BCPTPAX
binance,BCPTUSDC
binance,ALGOBNB
binance,ALGOBTC
binance,ALGOUSDT
binance,ALGOTUSD
binance,ALGOPAX
binance,ALGOUSDC
binance,USDSBUSDT
binance,USDSBUSDS
binance,GTOUSDT
binance,GTOPAX
binance,GTOTUSD
binance,GTOUSDC
binance,ERDBNB
binance,ERDBTC
binance,ERDUSDT
binance,ERDPAX
binance,ERDUSDC
binance,DOGEBNB
binance,DOGEBTC
binance,DOGEUSDT
binance,DOGEPAX
binance,DOGEUSDC
binance,DUSKBNB
binance,DUSKBTC
binance,DUSKUSDT
binance,DUSKUSDC
binance,DUSKPAX
binance,BGBPUSDC
binance,ANKRBNB
binance,ANKRBTC
binance,ANKRUSDT
binance,ANKRTUSD
binance,ANKRPAX
binance,ANKRUSDC
binance,ONTPAX
binance,ONTUSDC
binance,WINBNB
binance,WINBTC
binance,WINUSDT
binance,WINUSDC
binance,COSBNB
binance,COSBTC
binance,COSUSDT
binance,TUSDBTUSD
binance,NPXSUSDT
binance,NPXSUSDC
binance,COCOSBNB
binance,COCOSBTC
binance,COCOSUSDT
binance,MTLUSDT
binance,TOMOBNB
binance,TOMOBTC
binance,TOMOUSDT
binance,TOMOUSDC
binance,PERLBNB
binance,PERLBTC
binance,PERLUSDC
binance,PERLUSDT
binance,DENTUSDT
binance,MFTUSDT
binance,KEYUSDT
binance,STORMUSDT
binance,DOCKUSDT
binance,WANUSDT
binance,FUNUSDT
binance,CVCUSDT
binance,BTTTRX
binance,WINTRX
binance,CHZBNB
binance,CHZBTC
binance,CHZUSDT
binance,BANDBNB
binance,BANDBTC
binance,BANDUSDT
binance,BNBBUSD
binance,BTCBUSD
binance,BUSDUSDT
binance,BEAMBNB
binance,BEAMBTC
binance,BEAMUSDT
binance,XTZBNB
binance,XTZBTC
binance,XTZUSDT
binance,RENUSDT
binance,RVNUSDT
binance,HCUSDT
binance,HBARBNB
binance,HBARBTC
binance,HBARUSDT
binance,NKNBNB
binance,NKNBTC
binance,NKNUSDT
binance,XRPBUSD
binance,ETHBUSD
binance,BCHABCBUSD
binance,LTCBUSD
binance,LINKBUSD
binance,ETCBUSD
binance,STXBNB
binance,STXBTC
binance,STXUSDT
binance,KAVABNB
binance,KAVABTC
binance,KAVAUSDT
binance,BUSDNGN
binance,BNBNGN
binance,BTCNGN
binance,ARPABNB
binance,ARPABTC
binance,ARPAUSDT
binance,TRXBUSD
binance,EOSBUSD
binance,IOTXUSDT
binance,RLCUSDT
binance,MCOUSDT
binance,XLMBUSD
binance,ADABUSD
binance,CTXCBNB
binance,CTXCBTC
binance,CTXCUSDT
binance,BCHBNB
binance,BCHBTC
binance,BCHUSDT
binance,BCHUSDC
binance,BCHTUSD
binance,BCHPAX
binance,BCHBUSD
binance,BTCRUB
binance,ETHRUB
binance,XRPRUB
binance,BNBRUB
binance,TROYBNB
binance,TROYBTC
binance,TROYUSDT
binance,BUSDRUB
binance,QTUMBUSD
binance,VETBUSD
binance,VITEBNB
binance,VITEBTC
binance,VITEUSDT
binance,FTTBNB
binance,FTTBTC
binance,FTTUSDT
binance,BTCTRY
binance,BNBTRY
binance,BUSDTRY
binance,ETHTRY
binance,XRPTRY
binance,USDTTRY
binance,USDTRUB
binance,BTCEUR
binance,ETHEUR
binance,BNBEUR
binance,XRPEUR
binance,EURBUSD
binance,EURUSDT
binance,OGNBNB
binance,OGNBTC
binance,OGNUSDT
binance,DREPBNB
binance,DREPBTC
binance,DREPUSDT
binance,BULLUSDT
binance,BULLBUSD
binance,BEARUSDT
binance,BEARBUSD
binance,ETHBULLUSDT
binance,ETHBULLBUSD
binance,ETHBEARUSDT
binance,ETHBEARBUSD
binance,TCTBNB
binance,TCTBTC
binance,TCTUSDT
binance,WRXBNB
binance,WRXBTC
binance,WRXUSDT
binance,ICXBUSD
binance,BTSUSDT
binance,BTSBUSD
binance,LSKUSDT
binance,BNTUSDT
binance,BNTBUSD
binance,LTOBNB
binance,LTOBTC
binance,LTOUSDT
binance,ATOMBUSD
binance,DASHBUSD
binance,NEOBUSD
binance,WAVESBUSD
binance,XTZBUSD
binance,EOSBULLUSDT
binance,EOSBULLBUSD
binance,EOSBEARUSDT
binance,EOSBEARBUSD
binance,XRPBULLUSDT
binance,XRPBULLBUSD
binance,XRPBEARUSDT
binance,XRPBEARBUSD
binance,BATBUSD
binance,ENJBUSD
binance,NANOBUSD
binance,ONTBUSD
binance,RVNBUSD
binance,STRATBUSD
binance,STRATBNB
binance,STRATUSDT
binance,AIONBUSD
binance,AIONUSDT
binance,MBLBNB
binance,MBLBTC
binance,MBLUSDT
binance,COTIBNB
binance,COTIBTC
binance,COTIUSDT
binance,ALGOBUSD
binance,BTTBUSD
binance,TOMOBUSD
binance,XMRBUSD
binance,ZECBUSD
binance,BNBBULLUSDT
binance,BNBBULLBUSD
binance,BNBBEARUSDT
binance,BNBBEARBUSD
binance,STPTBNB
binance,STPTBTC
binance,STPTUSDT
binance,BTCZAR
binance,ETHZAR
binance,BNBZAR
binance,USDTZAR
binance,BUSDZAR
binance,BTCBKRW
binance,ETHBKRW
binance,BNBBKRW
binance,WTCUSDT
binance,DATABUSD
binance,DATAUSDT
binance,XZCUSDT
binance,SOLBNB
binance,SOLBTC
binance,SOLUSDT
binance,SOLBUSD
binance,BTCIDRT
binance,BNBIDRT
binance,USDTIDRT
binance,BUSDIDRT
binance,CTSIBTC
binance,CTSIUSDT
binance,CTSIBNB
binance,CTSIBUSD
binance,HIVEBNB
binance,HIVEBTC
binance,HIVEUSDT
binance,CHRBNB
binance,CHRBTC
binance,CHRUSDT
binance,BTCUPUSDT
binance,BTCDOWNUSDT
binance,GXSUSDT
binance,ARDRUSDT
binance,ERDBUSD
binance,LENDUSDT
binance,HBARBUSD
binance,MATICBUSD
binance,WRXBUSD
binance,ZILBUSD
binance,MDTBNB
binance,MDTBTC
binance,MDTUSDT
binance,STMXBNB
binance,STMXBTC
binance,STMXETH
binance,STMXUSDT
binance,KNCBUSD
binance,KNCUSDT
binance,REPBUSD
binance,REPUSDT
binance,LRCBUSD
binance,LRCUSDT
binance,IQBNB
binance,IQBUSD
binance,PNTBTC
binance,PNTUSDT
binance,BTCGBP
binance,ETHGBP
binance,XRPGBP
binance,BNBGBP
binance,GBPBUSD
binance,DGBBNB
binance,DGBBTC
binance,DGBBUSD
binance,BTCUAH
binance,USDTUAH
binance,COMPBTC
binance,COMPBNB
binance,COMPBUSD
binance,COMPUSDT
binance,BTCBIDR
binance,ETHBIDR
binance,BNBBIDR
binance,BUSDBIDR
binance,USDTBIDR
binance,BKRWUSDT
binance,BKRWBUSD
binance,SCUSDT
binance,ZENUSDT
binance,SXPBTC
binance,SXPBNB
binance,SXPBUSD
binance,SNXBTC
binance,SNXBNB
binance,SNXBUSD
binance,SNXUSDT
binance,ETHUPUSDT
binance,ETHDOWNUSDT
binance,ADAUPUSDT
binance,ADADOWNUSDT
binance,LINKUPUSDT
binance,LINKDOWNUSDT
binance,VTHOBNB
binance,VTHOBUSD
binance,VTHOUSDT
binance,DCRBUSD
binance,DGBUSDT
binance,GBPUSDT
binance,STORJBUSD
binance,SXPUSDT
binance,IRISBNB
binance,IRISBTC
binance,IRISBUSD
binance,MKRBNB
binance,MKRBTC
binance,MKRUSDT
binance,MKRBUSD
binance,DAIBNB
binance,DAIBTC
binance,DAIUSDT
binance,DAIBUSD
binance,RUNEBNB
binance,RUNEBTC
binance,RUNEBUSD
binance,MANABUSD
binance,DOGEBUSD
binance,LENDBUSD
binance,ZRXBUSD
binance,DCRUSDT
binance,STORJUSDT
binance,XRPBKRW
binance,ADABKRW
binance,BTCAUD
binance,ETHAUD
binance,AUDBUSD
binance,FIOBNB
binance,FIOBTC
binance,FIOBUSD
binance,BNBUPUSDT
binance,BNBDOWNUSDT
binance,XTZUPUSDT
binance,XTZDOWNUSDT
binance,AVABNB
binance,AVABTC
binance,AVABUSD
binance,USDTBKRW
binance,BUSDBKRW
binance,IOTABUSD
binance,MANAUSDT
binance,XRPAUD
binance,BNBAUD
binance,AUDUSDT
binance,BALBNB
binance,BALBTC
binance,BALBUSD
binance,YFIBNB
binance,YFIBTC
binance,YFIBUSD
binance,YFIUSDT
binance,BLZBUSD
binance,KMDBUSD
binance,BALUSDT
binance,BLZUSDT
binance,IRISUSDT
binance,KMDUSDT
binance,BTCDAI
binance,ETHDAI
binance,BNBDAI
binance,USDTDAI
binance,BUSDDAI
binance,JSTBNB
binance,JSTBTC
binance,JSTBUSD
binance,JSTUSDT
binance,SRMBNB
binance,SRMBTC
binance,SRMBUSD
binance,SRMUSDT
binance,ANTBNB
binance,ANTBTC
binance,ANTBUSD
binance,ANTUSDT
binance,CRVBNB
binance,CRVBTC
binance,CRVBUSD
binance,CRVUSDT
binance,SANDBNB
binance,SANDBTC
binance,SANDUSDT
binance,SANDBUSD
binance,OCEANBNB
binance,OCEANBTC
binance,OCEANBUSD
binance,OCEANUSDT
binance,NMRBNB
binance,NMRBTC
binance,NMRBUSD
binance,NMRUSDT
binance,DOTBNB
binance,DOTBTC
binance,DOTBUSD
binance,DOTUSDT
binance,LUNABNB
binance,LUNABTC
binance,LUNABUSD
binance,LUNAUSDT
binance,IDEXBTC
binance,IDEXBUSD
binance,RSRBNB
binance,RSRBTC
binance,RSRBUSD
binance,RSRUSDT
binance,PAXGBNB
binance,PAXGBTC
binance,PAXGBUSD
binance,PAXGUSDT
binance,WNXMBNB
binance,WNXMBTC
binance,WNXMBUSD
binance,WNXMUSDT
binance,TRBBNB
binance,TRBBTC
binance,TRBBUSD
binance,TRBUSDT
binance,ETHNGN
binance,DOTBIDR
binance,LINKAUD
binance,SXPAUD
binance,BZRXBNB
binance,BZRXBTC
binance,BZRXBUSD
binance,BZRXUSDT
binance,WBTCBTC
binance,WBTCETH
binance,SUSHIBNB
binance,SUSHIBTC
binance,SUSHIBUSD
binance,SUSHIUSDT
binance,YFIIBNB
binance,YFIIBTC
binance,YFIIBUSD
binance,YFIIUSDT
binance,KSMBNB
binance,KSMBTC
binance,KSMBUSD
binance,KSMUSDT
binance,EGLDBNB
binance,EGLDBTC
binance,EGLDBUSD
binance,EGLDUSDT
binance,DIABNB
binance,DIABTC
binance,DIABUSD
binance,DIAUSDT
binance,RUNEUSDT
binance,FIOUSDT
binance,UMABTC
binance,UMAUSDT
binance,EOSUPUSDT
binance,EOSDOWNUSDT
binance,TRXUPUSDT
binance,TRXDOWNUSDT
binance,XRPUPUSDT
binance,XRPDOWNUSDT
binance,DOTUPUSDT
binance,DOTDOWNUSDT
binance,SRMBIDR
binance,ONEBIDR
binance,LINKTRY
binance,USDTNGN
binance,BELBNB
binance,BELBTC
binance,BELBUSD
binance,BELUSDT
binance,WINGBNB
binance,WINGBTC
binance,SWRVBNB
binance,SWRVBUSD
binance,WINGBUSD
binance,WINGUSDT
binance,LTCUPUSDT
binance,LTCDOWNUSDT
binance,LENDBKRW
binance,SXPEUR
binance,CREAMBNB
binance,CREAMBUSD
binance,UNIBNB
binance,UNIBTC
binance,UNIBUSD
binance,UNIUSDT
binance,NBSBTC
binance,NBSUSDT
binance,OXTBTC
binance,OXTUSDT
binance,SUNBTC
binance,SUNUSDT
binance,AVAXBNB
binance,AVAXBTC
binance,AVAXBUSD
binance,AVAXUSDT
binance,HNTBTC
binance,HNTUSDT
binance,BAKEBNB
binance,BURGERBNB
binance,SXPBIDR
binance,LINKBKRW
binance,FLMBNB
binance,FLMBTC
binance,FLMBUSD
binance,FLMUSDT
binance,SCRTBTC
binance,SCRTETH
binance,CAKEBNB
binance,CAKEBUSD
binance,SPARTABNB
binance,UNIUPUSDT
binance,UNIDOWNUSDT
binance,ORNBTC
binance,ORNUSDT
binance,TRXNGN
binance,SXPTRY
binance,UTKBTC
binance,UTKUSDT
binance,XVSBNB
binance,XVSBTC
binance,XVSBUSD
binance,XVSUSDT
binance,ALPHABNB
binance,ALPHABTC
binance,ALPHABUSD
binance,ALPHAUSDT
binance,VIDTBTC
binance,VIDTBUSD
binance,AAVEBNB
binance,BTCBRL
binance,USDTBRL
binance,AAVEBTC
binance,AAVEETH
binance,AAVEBUSD
binance,AAVEUSDT
binance,AAVEBKRW
binance,NEARBNB
binance,NEARBTC
binance,NEARBUSD
binance,NEARUSDT
binance,SXPUPUSDT
binance,SXPDOWNUSDT
binance,DOTBKRW
binance,SXPGBP
binance,FILBNB
binance,FILBTC
binance,FILBUSD
binance,FILUSDT
binance,FILUPUSDT
binance,FILDOWNUSDT
binance,YFIUPUSDT
binance,YFIDOWNUSDT
binance,INJBNB
binance,INJBTC
binance,INJBUSD
binance,INJUSDT
binance,AERGOBTC
binance,AERGOBUSD
binance,LINKEUR
binance,ONEBUSD
binance,EASYETH
binance,AUDIOBTC
binance,AUDIOBUSD
binance,AUDIOUSDT
binance,CTKBNB
binance,CTKBTC
binance,CTKBUSD
binance,CTKUSDT
binance,BCHUPUSDT
binance,BCHDOWNUSDT
binance,BOTBTC
binance,BOTBUSD
binance,ETHBRL
binance,DOTEUR
binance,AKROBTC
binance,AKROUSDT
binance,KP3RBNB
binance,KP3RBUSD
binance,AXSBNB
binance,AXSBTC
binance,AXSBUSD
binance,AXSUSDT
binance,HARDBNB
binance,HARDBTC
binance,HARDBUSD
binance,HARDUSDT
binance,BNBBRL
binance,LTCEUR
binance,RENBTCBTC
binance,RENBTCETH
binance,DNTBUSD
binance,DNTUSDT
binance,SLPETH
binance,ADAEUR
binance,LTCNGN
binance,CVPETH
binance,CVPBUSD
binance,STRAXBTC
binance,STRAXETH
binance,STRAXBUSD
binance,STRAXUSDT
binance,FORBTC
binance,FORBUSD
binance,UNFIBNB
binance,UNFIBTC
binance,UNFIBUSD
binance,UNFIUSDT
binance,FRONTETH
binance,FRONTBUSD
binance,BCHABUSD
binance,ROSEBTC
binance,ROSEBUSD
binance,ROSEUSDT
binance,AVAXTRY
binance,BUSDBRL
binance,AVAUSDT
binance,SYSBUSD
binance,XEMUSDT
binance,HEGICETH
binance,HEGICBUSD
binance,AAVEUPUSDT
binance,AAVEDOWNUSDT
binance,PROMBNB
binance,PROMBUSD
binance,XRPBRL
binance,XRPNGN
binance,SKLBTC
binance,SKLBUSD
binance,SKLUSDT
binance,BCHEUR
binance,YFIEUR
binance,ZILBIDR
binance,SUSDBTC
binance,SUSDETH
binance,SUSDUSDT
binance,COVERETH
binance,COVERBUSD
binance,GLMBTC
binance,GLMETH
binance,GHSTETH
binance,GHSTBUSD
binance,SUSHIUPUSDT
binance,SUSHIDOWNUSDT
binance,XLMUPUSDT
binance,XLMDOWNUSDT
binance,LINKBRL
binance,LINKNGN
binance,LTCRUB
binance,TRXTRY
binance,XLMEUR
binance,DFETH
binance,DFBUSD
binance,GRTBTC
binance,GRTETH
binance,GRTUSDT
binance,JUVBTC
binance,JUVBUSD
binance,JUVUSDT
binance,PSGBTC
binance,PSGBUSD
binance,PSGUSDT
binance,BUSDBVND
binance,USDTBVND
binance,1INCHBTC
binance,1INCHUSDT
binance,REEFBTC
binance,REEFUSDT
binance,OGBTC
binance,OGUSDT
binance,ATMBTC
binance,ATMUSDT
binance,ASRBTC
binance,ASRUSDT
binance,CELOBTC
binance,CELOUSDT
binance,RIFBTC
binance,RIFUSDT
binance,CHZTRY
binance,XLMTRY
binance,LINKGBP
binance,GRTEUR
binance,BTCSTBTC
binance,BTCSTBUSD
binance,BTCSTUSDT
binance,TRUBTC
binance,TRUBUSD
binance,TRUUSDT
binance,DEXEETH
binance,DEXEBUSD
binance,EOSEUR
binance,LTCBRL
binance,USDCBUSD
binance,TUSDBUSD
binance,PAXBUSD
binance,CKBBTC
binance,CKBBUSD
binance,CKBUSDT
binance,TWTBTC
binance,TWTBUSD
binance,TWTUSDT
binance,FIROBTC
binance,FIROETH
binance,FIROUSDT
binance,BETHETH
binance,DOGEEUR
binance,DOGETRY
binance,DOGEAUD
binance,DOGEBRL
binance,DOTNGN
binance,PROSETH
binance,LITBTC
binance,LITBUSD
binance,LITUSDT
binance,BTCVAI
binance,BUSDVAI
binance,SFPBTC
binance,SFPBUSD
binance,SFPUSDT
binance,DOGEGBP
binance,DOTTRY
binance,FXSBTC
binance,FXSBUSD
binance,DODOBTC
binance,DODOBUSD
binance,DODOUSDT
binance,FRONTBTC
binance,EASYBTC
binance,CAKEBTC
binance,CAKEUSDT
binance,BAKEBUSD
binance,UFTETH
binance,UFTBUSD
binance,1INCHBUSD
binance,BANDBUSD
binance,GRTBUSD
binance,IOSTBUSD
binance,OMGBUSD
binance,REEFBUSD
binance,ACMBTC
binance,ACMBUSD
binance,ACMUSDT
binance,AUCTIONBTC
binance,AUCTIONBUSD
binance,PHABTC
binance,PHABUSD
binance,DOTGBP
binance,ADATRY
binance,ADABRL
binance,ADAGBP
binance,TVKBTC
binance,TVKBUSD
binance,BADGERBTC
binance,BADGERBUSD
binance,BADGERUSDT
binance,FISBTC
binance,FISBUSD
binance,FISUSDT
binance,DOTBRL
binance,ADAAUD
binance,HOTTRY
binance,EGLDEUR
binance,OMBTC
binance,OMBUSD
binance,OMUSDT
binance,PONDBTC
binance,PONDBUSD
binance,PONDUSDT
binance,DEGOBTC
binance,DEGOBUSD
binance,DEGOUSDT
binance,AVAXEUR
binance,BTTTRY
binance,CHZBRL
binance,UNIEUR
binance,ALICEBTC
binance,ALICEBUSD
binance,ALICEUSDT
binance,CHZBUSD
binance,CHZEUR
binance,CHZGBP
binance,BIFIBNB
binance,BIFIBUSD
binance,LINABTC
binance,LINABUSD
binance,LINAUSDT
binance,ADARUB
binance,ENJBRL
binance,ENJEUR
binance,MATICEUR
binance,NEOTRY
binance,PERPBTC
binance,PERPBUSD
binance,PERPUSDT
binance,RAMPBTC
binance,RAMPBUSD
binance,RAMPUSDT
binance,SUPERBTC
binance,SUPERBUSD
binance,SUPERUSDT
binance,CFXBTC
binance,CFXBUSD
binance,CFXUSDT
binance,ENJGBP
binance,EOSTRY
binance,LTCGBP
binance,LUNAEUR
binance,RVNTRY
binance,THETAEUR
binance,XVGBUSD
binance,EPSBTC
binance,EPSBUSD
binance,EPSUSDT
binance,AUTOBTC
binance,AUTOBUSD
binance,AUTOUSDT
binance,TKOBTC
binance,TKOBIDR
binance,TKOBUSD
binance,TKOUSDT
binance,PUNDIXETH
binance,PUNDIXUSDT
binance,BTTBRL
binance,BTTEUR
binance,HOTEUR
binance,WINEUR
binance,TLMBTC
binance,TLMBUSD
binance,TLMUSDT
binance,1INCHUPUSDT
binance,1INCHDOWNUSDT
binance,BTGBUSD
binance,BTGUSDT
binance,HOTBUSD
binance,BNBUAH
binance,ONTTRY
binance,VETEUR
binance,VETGBP
binance,WINBRL
binance,MIRBTC
binance,MIRBUSD
binance,MIRUSDT
binance,BARBTC
binance,BARBUSD
binance,BARUSDT
binance,FORTHBTC
binance,FORTHBUSD
binance,FORTHUSDT
binance,CAKEGBP
binance,DOGERUB
binance,HOTBRL
binance,WRXEUR
binance,EZBTC
binance,EZETH
binance,BAKEUSDT
binance,BURGERBUSD
binance,BURGERUSDT
binance,SLPBUSD
binance,SLPUSDT
binance,TRXAUD
binance,TRXEUR
binance,VETTRY
binance,SHIBUSDT
binance,SHIBBUSD
binance,ICPBTC
binance,ICPBNB
binance,ICPBUSD
binance,ICPUSDT
binance,BTCGYEN
binance,USDTGYEN
bitfinex,1INCH:USD
bitfinex,1INCH:UST
bitfinex,AAABBB
bitfinex,AAVE:USD
bitfinex,AAVE:UST
bitfinex,ADABTC
bitfinex,ADAUSD
bitfinex,ADAUST
bitfinex,ALBT:USD
bitfinex,ALBT:UST
bitfinex,ALGBTC
bitfinex,ALGUSD
bitfinex,ALGUST
bitfinex,AMPBTC
bitfinex,AMPUSD
bitfinex,AMPUST
bitfinex,ANTBTC
bitfinex,ANTETH
bitfinex,ANTUSD
bitfinex,ATOBTC
bitfinex,ATOETH
bitfinex,ATOUSD
bitfinex,AVAX:USD
bitfinex,AVAX:UST
bitfinex,B21X:USD
bitfinex,B21X:UST
bitfinex,BALUSD
bitfinex,BALUST
bitfinex,BAND:USD
bitfinex,BAND:UST
bitfinex,BATBTC
bitfinex,BATETH
bitfinex,BATUSD
bitfinex,BCHABC:USD
bitfinex,BCHN:USD
bitfinex,BEST:USD
bitfinex,BFTUSD
bitfinex,BMIUSD
bitfinex,BMIUST
bitfinex,BNTUSD
bitfinex,BOSON:USD
bitfinex,BOSON:UST
bitfinex,BSVBTC
bitfinex,BSVUSD
bitfinex,BTC:CNHT
bitfinex,BTCEUR
bitfinex,BTCGBP
bitfinex,BTCJPY
bitfinex,BTCUSD
bitfinex,BTCUST
bitfinex,BTCXCH
bitfinex,BTGBTC
bitfinex,BTGUSD
bitfinex,BTSE:USD
bitfinex,BTTUSD
bitfinex,CELUSD
bitfinex,CELUST
bitfinex,CHZUSD
bitfinex,CHZUST
bitfinex,CLOUSD
bitfinex,CNH:CNHT
bitfinex,COMP:USD
bitfinex,COMP:UST
bitfinex,CTKUSD
bitfinex,CTKUST
bitfinex,DAIBTC
bitfinex,DAIETH
bitfinex,DAIUSD
bitfinex,DAPP:USD
bitfinex,DAPP:UST
bitfinex,DATBTC
bitfinex,DATUSD
bitfinex,DGBUSD
bitfinex,DGXUSD
bitfinex,DOGBTC
bitfinex,DOGE:USD
bitfinex,DOGE:UST
bitfinex,DOGUSD
bitfinex,DOGUST
bitfinex,DOTBTC
bitfinex,DOTUSD
bitfinex,DOTUST
bitfinex,DSHBTC
bitfinex,DSHUSD
bitfinex,DUSK:BTC
bitfinex,DUSK:USD
bitfinex,EDOBTC
bitfinex,EDOETH
bitfinex,EDOUSD
bitfinex,EGLD:USD
bitfinex,EGLD:UST
bitfinex,ENJUSD
bitfinex,EOSBTC
bitfinex,EOSDT:USD
bitfinex,EOSDT:UST
bitfinex,EOSETH
bitfinex,EOSEUR
bitfinex,EOSGBP
bitfinex,EOSJPY
bitfinex,EOSUSD
bitfinex,EOSUST
bitfinex,ESSUSD
bitfinex,ETCBTC
bitfinex,ETCUSD
bitfinex,ETH2X:ETH
bitfinex,ETH2X:USD
bitfinex,ETH2X:UST
bitfinex,ETHBTC
bitfinex,ETHEUR
bitfinex,ETHGBP
bitfinex,ETHJPY
bitfinex,ETHUSD
bitfinex,ETHUST
bitfinex,ETPBTC
bitfinex,ETPETH
bitfinex,ETPUSD
bitfinex,EUSBTC
bitfinex,EUSUSD
bitfinex,EUTEUR
bitfinex,EUTUSD
bitfinex,EUTUST
bitfinex,EXRD:BTC
bitfinex,EXRD:USD
bitfinex,FETUSD
bitfinex,FETUST
bitfinex,FILUSD
bitfinex,FILUST
bitfinex,FTTUSD
bitfinex,FTTUST
bitfinex,FUNUSD
bitfinex,GNOUSD
bitfinex,GNTUSD
bitfinex,GOTEUR
bitfinex,GOTUSD
bitfinex,GTXUSD
bitfinex,GTXUST
bitfinex,HEZUSD
bitfinex,HEZUST
bitfinex,ICEUSD
bitfinex,IDXBTC
bitfinex,IDXUSD
bitfinex,IOTBTC
bitfinex,IOTETH
bitfinex,IOTEUR
bitfinex,IOTGBP
bitfinex,IOTJPY
bitfinex,IOTUSD
bitfinex,IQXUSD
bitfinex,IQXUST
bitfinex,JSTBTC
bitfinex,JSTUSD
bitfinex,JSTUST
bitfinex,KANUSD
bitfinex,KANUST
bitfinex,KNCBTC
bitfinex,KNCUSD
bitfinex,KSMUSD
bitfinex,KSMUST
bitfinex,LEOBTC
bitfinex,LEOEOS
bitfinex,LEOETH
bitfinex,LEOUSD
bitfinex,LEOUST
bitfinex,LINK:USD
bitfinex,LINK:UST
bitfinex,LRCUSD
bitfinex,LTCBTC
bitfinex,LTCUSD
bitfinex,LTCUST
bitfinex,LUNA:USD
bitfinex,LUNA:UST
bitfinex,LYMUSD
bitfinex,MKRUSD
bitfinex,MLNUSD
bitfinex,MNABTC
bitfinex,MNAUSD
bitfinex,MOBUSD
bitfinex,MOBUST
bitfinex,NEAR:USD
bitfinex,NEAR:UST
bitfinex,NECUSD
bitfinex,NEOBTC
bitfinex,NEOETH
bitfinex,NEOEUR
bitfinex,NEOGBP
bitfinex,NEOJPY
bitfinex,NEOUSD
bitfinex,NUTUSD
bitfinex,ODEUSD
bitfinex,OMGBTC
bitfinex,OMGETH
bitfinex,OMGUSD
bitfinex,OMNBTC
bitfinex,OMNUSD
bitfinex,ORSUSD
bitfinex,OXYUSD
bitfinex,OXYUST
bitfinex,PASUSD
bitfinex,PAXUSD
bitfinex,PAXUST
bitfinex,PLUUSD
bitfinex,PNKETH
bitfinex,PNKUSD
bitfinex,POAUSD
bitfinex,QSHUSD
bitfinex,QTMBTC
bitfinex,QTMUSD
bitfinex,RBTBTC
bitfinex,RBTUSD
bitfinex,REPBTC
bitfinex,REPUSD
bitfinex,REQUSD
bitfinex,RINGX:USD
bitfinex,RRBUSD
bitfinex,RRBUST
bitfinex,RRTUSD
bitfinex,SANBTC
bitfinex,SANETH
bitfinex,SANUSD
bitfinex,SNGUSD
bitfinex,SNTUSD
bitfinex,SNXUSD
bitfinex,SNXUST
bitfinex,SOLUSD
bitfinex,SOLUST
bitfinex,STJUSD
bitfinex,SUKU:USD
bitfinex,SUKU:UST
bitfinex,SUNUSD
bitfinex,SUNUST
bitfinex,SUSHI:USD
bitfinex,SUSHI:UST
bitfinex,TESTBTC:TESTUSD
bitfinex,TESTBTC:TESTUSDT
bitfinex,TRXBTC
bitfinex,TRXETH
bitfinex,TRXEUR
bitfinex,TRXUSD
bitfinex,TSDUSD
bitfinex,TSDUST
bitfinex,UDCUSD
bitfinex,UDCUST
bitfinex,UNIUSD
bitfinex,UNIUST
bitfinex,UOPUSD
bitfinex,UOPUST
bitfinex,UOSBTC
bitfinex,UOSUSD
bitfinex,USKUSD
bitfinex,UST:CNHT
bitfinex,USTUSD
bitfinex,UTKUSD
bitfinex,VEEUSD
bitfinex,VETBTC
bitfinex,VETUSD
bitfinex,VSYBTC
bitfinex,VSYUSD
bitfinex,WAXUSD
bitfinex,WBTUSD
bitfinex,XAUT:BTC
bitfinex,XAUT:USD
bitfinex,XAUT:UST
bitfinex,XCHUSD
bitfinex,XDCUSD
bitfinex,XDCUST
bitfinex,XLMBTC
bitfinex,XLMETH
bitfinex,XLMUSD
bitfinex,XLMUST
bitfinex,XMRBTC
bitfinex,XMRUSD
bitfinex,XMRUST
bitfinex,XRAUSD
bitfinex,XRPBTC
bitfinex,XRPUSD
bitfinex,XRPUST
bitfinex,XSNUSD
bitfinex,XTZBTC
bitfinex,XTZUSD
bitfinex,XVGUSD
bitfinex,YFIUSD
bitfinex,YFIUST
bitfinex,YGGUSD
bitfinex,YYWUSD
bitfinex,ZBTUSD
bitfinex,ZCNUSD
bitfinex,ZECBTC
bitfinex,ZECUSD
bitfinex,ZILBTC
bitfinex,ZILUSD
bitfinex,ZRXBTC
bitfinex,ZRXETH
bitfinex,ZRXUSD
hbtc,BTCUSDT
hbtc,ETHBTC
hbtc,ETHUSDT
hbtc,ETCUSDT
hbtc,EOSUSDT
hbtc,LTCUSDT
hbtc,ETCBTC
hbtc,EOSBTC
hbtc,LTCBTC
hbtc,BEAMUSDT
hbtc,BCHUSDT
hbtc,BTMUSDT
hbtc,XRPUSDT
hbtc,LAMBUSDT
hbtc,BHDUSDT
hbtc,ALGOUSDT
hbtc,ALGOBTC
hbtc,BCHBTC
hbtc,BTMBTC
hbtc,XRPBTC
hbtc,QTUMUSDT
hbtc,QTUMBTC
hbtc,TRXUSDT
hbtc,TRXBTC
hbtc,HTUSDT
hbtc,HTBTC
hbtc,HPTBTC
hbtc,HPTUSDT
hbtc,BUTUSDT
hbtc,ONGBTC
hbtc,ONGUSDT
hbtc,ONTBTC
hbtc,ONTUSDT
hbtc,ALGOETH
hbtc,BTMETH
hbtc,EOSETH
hbtc,LTCETH
hbtc,QTUMETH
hbtc,TRXETH
hbtc,XRPETH
hbtc,ADABTC
hbtc,ADAUSDT
hbtc,BSVBTC
hbtc,BSVUSDT
hbtc,DASHBTC
hbtc,DASHUSDT
hbtc,DOGEUSDT
hbtc,GTBTC
hbtc,GTUSDT
hbtc,OKBBTC
hbtc,OKBUSDT
hbtc,ZECBTC
hbtc,ZECUSDT
hbtc,BEEUSDT
hbtc,ATOMBTC
hbtc,ATOMUSDT
hbtc,XTZBTC
hbtc,XTZUSDT
hbtc,XMRBTC
hbtc,XMRUSDT
hbtc,NEOBTC
hbtc,NEOUSDT
hbtc,BTCHUSD
hbtc,ETHHUSD
hbtc,PAXHUSD
hbtc,USDTHUSD
hbtc,HIVE1USDT
hbtc,HBCBTC
hbtc,HBCUSDT
hbtc,NESTUSDT
hbtc,CHZBTC
hbtc,NESTBTC
hbtc,NESTETH
hbtc,SEROUSDT
hbtc,ARPAUSDT
hbtc,TROYUSDT
hbtc,BATUSDT
hbtc,GTSUSDT
hbtc,JTUSDT
hbtc,MATHUSDT
hbtc,DFUSDT
hbtc,COMPUSDT
hbtc,IOTXUSDT
hbtc,BNBUSDT
hbtc,LINKUSDT
hbtc,SKMUSDT
hbtc,UENCUSDT
hbtc,NVTUSDT
hbtc,BTCXXLUSDT
hbtc,BTCXXSUSDT
hbtc,SRMUSDT
hbtc,CROUSDT
hbtc,BALUSDT
hbtc,ETH3LUSDT
hbtc,ETH3SUSDT
hbtc,CHZUSDT
hbtc,DOTUSDT
hbtc,BANDUSDT
hbtc,WNXMUSDT
hbtc,RSRUSDT
hbtc,DOCKUSDT
hbtc,KSMUSDT
hbtc,OCEANUSDT
hbtc,CVPUSDT
hbtc,RENUSDT
hbtc,UMAUSDT
hbtc,BNTUSDT
hbtc,ANKRUSDT
hbtc,DIAUSDT
hbtc,STORJUSDT
hbtc,MANAUSDT
hbtc,TRBUSDT
hbtc,BZRXUSDT
hbtc,KNCUSDT
hbtc,BTSUSDT
hbtc,SUNUSDT
hbtc,GOFUSDT
hbtc,BELUSDT
hbtc,NBSUSDT
hbtc,AVAXUSDT
hbtc,NEARUSDT
hbtc,FILUSDT
hbtc,HDUSDT
hbtc,BKKUSDT
hbtc,PHAUSDT
hbtc,VALUEUSDT
hbtc,DAIUSDT
hbtc,UNFIUSDT
hbtc,ROSEUSDT
hbtc,BCHAUSDT
hbtc,XLMUSDT
hbtc,ZENUSDT
hbtc,WOZXUSDT
hbtc,NYFIUSDT
hbtc,WOZXBTC
hbtc,USDCUSDT
hbtc,PAXUSDT
hbtc,TUSDUSDT
hbtc,PONDUSDT
hbtc,LONUSDT
hbtc,1INCHUSDT
hbtc,BTCUSDC
hbtc,ETHUSDC
hbtc,OGCHZ
hbtc,ASRCHZ
hbtc,ATMCHZ
hbtc,PSGCHZ
hbtc,JUVCHZ
hbtc,SNPUSDT
hbtc,BETHETH
hbtc,POLSUSDT
hbtc,HNTUSDT
hbtc,SEELEUSDT
hbtc,CRUUSDT
hbtc,EOS3SUSDT
hbtc,EOS3LUSDT
hbtc,MDXUSDT
hbtc,RINGUSDT
hbtc,REVUSDT
hbtc,KP3RUSDT
hbtc,BADGERUSDT
hbtc,LTC3SUSDT
hbtc,BCH3SUSDT
hbtc,BCH3LUSDT
hbtc,LTC3LUSDT
hbtc,FLOWUSDT
hbtc,XRP3LUSDT
hbtc,DOGE3LUSDT
hbtc,XRP3SUSDT
hbtc,DOGE3SUSDT
hbtc,DOT3LUSDT
hbtc,TRX3SUSDT
hbtc,DOT3SUSDT
hbtc,AAVE3LUSDT
hbtc,TRX3LUSDT
hbtc,AAVE3SUSDT
hbtc,UNI3SUSDT
hbtc,FIL3LUSDT
hbtc,UNI3LUSDT
hbtc,SUSHI3LUSDT
hbtc,SUSHI3SUSDT
hbtc,FIL3SUSDT
hbtc,LINK3LUSDT
hbtc,COMP3LUSDT
hbtc,LINK3SUSDT
hbtc,COMP3SUSDT
hbtc,THETAUSDT
hbtc,LITUSDT
hbtc,ANTUSDT
hbtc,OMGUSDT
hbtc,REEFUSDT
hbtc,ALPHAUSDT
hbtc,MKRUSDT
hbtc,YFIIUSDT
hbtc,AAVEUSDT
hbtc,SNXUSDT
hbtc,CRVUSDT
hbtc,SUSHIUSDT
hbtc,GRTUSDT
hbtc,YFIUSDT
hbtc,LRCUSDT
hbtc,UNIUSDT
hbtc,1INCH3LUSDT
hbtc,1INCH3SUSDT
hbtc,MIRUSDT
hbtc,XVSUSDT
hbtc,NUUSDT
hbtc,XEMUSDT
hbtc,ZKSUSDT
hbtc,LUNAUSDT
hbtc,ENJUSDT
hbtc,WAVESUSDT
hbtc,SXPUSDT
hbtc,SOLUSDT
hbtc,DODOUSDT
hbtc,TORNUSDT
hbtc,SFPUSDT
hbtc,KAVAUSDT
hbtc,CAKEUSDT
hbtc,BNB3LUSDT
hbtc,HT3SUSDT
hbtc,OKB3LUSDT
hbtc,HT3LUSDT
hbtc,OKB3SUSDT
hbtc,BNB3SUSDT
hbtc,ROCUSDT
hbtc,MATICUSDT
hbtc,MASKUSDT
hbtc,XMR3LUSDT
hbtc,HNT3SUSDT
hbtc,ZEC3LUSDT
hbtc,HNT3LUSDT
hbtc,ZEC3SUSDT
hbtc,DASH3LUSDT
hbtc,XMR3SUSDT
hbtc,DASH3SUSDT
hbtc,CHZ3SUSDT
hbtc,CHZ3LUSDT
hbtc,ACMCHZ
hbtc,LAVAUSDT
hbtc,BUSDUSDT
hbtc,ADA3LUSDT
hbtc,ADA3SUSDT
hbtc,ATOM3LUSDT
hbtc,ATOM3SUSDT
hbtc,XTZ3SUSDT
hbtc,XTZ3LUSDT
hbtc,XLM3LUSDT
hbtc,XLM3SUSDT
hbtc,CFXUSDT
hbtc,BAL3LUSDT
hbtc,MKR3LUSDT
hbtc,MKR3SUSDT
hbtc,BAL3SUSDT
hbtc,BAND3SUSDT
hbtc,BAND3LUSDT
hbtc,CELRUSDT
hbtc,API3USDT
hbtc,SKLUSDT
hbtc,KINEUSDT
hbtc,YFI3SUSDT
hbtc,MATIC3LUSDT
hbtc,SKL3SUSDT
hbtc,MATIC3SUSDT
hbtc,SKL3LUSDT
hbtc,YFI3LUSDT
hbtc,XEM3LUSDT
hbtc,REEF3LUSDT
hbtc,REEF3SUSDT
hbtc,XEM3SUSDT
hbtc,CHR3SUSDT
hbtc,CHR3LUSDT
hbtc,ALICEUSDT
hbtc,ENJ3SUSDT
hbtc,ENJ3LUSDT
hbtc,MANA3LUSDT
hbtc,DODO3LUSDT
hbtc,ALGO3LUSDT
hbtc,MANA3SUSDT
hbtc,DODO3SUSDT
hbtc,LUNA3LUSDT
hbtc,ALGO3SUSDT
hbtc,LUNA3SUSDT
hbtc,MAPSUSDT
hbtc,RAYUSDT
hbtc,OXYUSDT
hbtc,NEO3LUSDT
hbtc,IOST3LUSDT
hbtc,ALICE3LUSDT
hbtc,YFII3LUSDT
hbtc,ALICE3SUSDT
hbtc,NEO3SUSDT
hbtc,IOST3SUSDT
hbtc,YFII3SUSDT
hbtc,XYMUSDT
hbtc,LINAUSDT
hbtc,KNC3LUSDT
hbtc,LRC3SUSDT
hbtc,LRC3LUSDT
hbtc,NEAR3LUSDT
hbtc,KNC3SUSDT
hbtc,NEAR3SUSDT
hbtc,RSR3LUSDT
hbtc,RSR3SUSDT
hbtc,ZIL3SUSDT
hbtc,ZIL3LUSDT
hbtc,PERPUSDT
hbtc,ANCUSDT
hbtc,CREAMUSDT
hbtc,SANDUSDT
hbtc,THETA3LUSDT
hbtc,THETA3SUSDT
hbtc,RAMPUSDT
hbtc,XDEXUSDT
hbtc,DORAUSDT
hbtc,ANKR3SUSDT
hbtc,ANKR3LUSDT
hbtc,CRV3LUSDT
hbtc,CRV3SUSDT
hbtc,STORJ3LUSDT
hbtc,STORJ3SUSDT
hbtc,ARUSDT
hbtc,CELR3SUSDT
hbtc,CELR3LUSDT
hbtc,KSM3LUSDT
hbtc,KSM3SUSDT
hbtc,SOL3LUSDT
hbtc,WAVES3SUSDT
hbtc,ONE3SUSDT
hbtc,ONE3LUSDT
hbtc,SOL3SUSDT
hbtc,WAVES3LUSDT
hbtc,DEPUSDT
hbtc,HOPRUSDT
hbtc,OGN3LUSDT
hbtc,ONT3SUSDT
hbtc,ONT3LUSDT
hbtc,OGN3SUSDT
hbtc,KAVA3SUSDT
hbtc,KAVA3LUSDT
hbtc,BAT3LUSDT
hbtc,BTT3LUSDT
hbtc,BTT3SUSDT
hbtc,BAT3SUSDT
hbtc,ETC3SUSDT
hbtc,ETC3LUSDT
hbtc,EPKUSDT
hbtc,NKN3LUSDT
hbtc,NKN3SUSDT
hbtc,SC3LUSDT
hbtc,HBAR3SUSDT
hbtc,HBAR3LUSDT
hbtc,SC3SUSDT
hbtc,BSV3LUSDT
hbtc,BSV3SUSDT
hbtc,QTUM3LUSDT
hbtc,QTUM3SUSDT
hbtc,OMG3LUSDT
hbtc,OMG3SUSDT
hbtc,ENUSDT
hbtc,BARCHZ
hbtc,ZEN3LUSDT
hbtc,ZEN3SUSDT
hbtc,GRT3LUSDT
hbtc,GRT3SUSDT
hbtc,BTC5LUSDT
hbtc,BTC5SUSDT
hbtc,ORBSUSDT
hbtc,SHIBUSDT
hbtc,AKITAUSDT
hbtc,ICPUSDT
hbtc,SHIB3SUSDT
hbtc,PIGUSDT
hbtc,SHIB3LUSDT
hbtc,LIONUSDT
hbtc,PETUSDT
hbtc,DOGUSDT
hbtc,LEASHUSDT
hbtc,ROCKSUSDT
hbtc,SAFEMOONUSDT
hbtc,ICP3LUSDT
hbtc,ICP3SUSDT
hbtc,FTT3LUSDT
hbtc,FTT3SUSDT
huobi,xemusdt
huobi,venusdt
huobi,ctxcbtc
huobi,mtnbtc
huobi,lolht
huobi,dgdbtc
huobi,neareth
huobi,ltc3susdt
huobi,cmtusdt
huobi,qtumbtc
huobi,pvtbtc
huobi,egtusdt
huobi,mdsbtc
huobi,xrphusd
huobi,manbtc
huobi,rsrht
huobi,reqeth
huobi,btcusdt
huobi,ocnbtc
huobi,yfibtc
huobi,sunbtc
huobi,uni2susdt
huobi,etcbtc
huobi,nanousdt
huobi,flowbtc
huobi,rlcusdt
huobi,snxusdt
huobi,trxeth
huobi,iotabtc
huobi,elahusd
huobi,mxcbtc
huobi,elfusdt
huobi,chatbtc
huobi,idtbtc
huobi,lunbtc
huobi,newht
huobi,aacbtc
huobi,bkbtbtc
huobi,usdchusd
huobi,xlmhusd
huobi,algobtc
huobi,gxceth
huobi,xtzhusd
huobi,oxteth
huobi,quneth
huobi,dashbtc
huobi,bsvusdt
huobi,vetbtc
huobi,unieth
huobi,icpusdt
huobi,dogebtc
huobi,icxeth
huobi,wxtusdt
huobi,mdxbtc
huobi,woobtc
huobi,bandusdt
huobi,wicceth
huobi,1inchbtc
huobi,nulseth
huobi,actbtc
huobi,dcreth
huobi,yeeeth
huobi,egccbtc
huobi,nsureusdt
huobi,borusdt
huobi,stneth
huobi,naseth
huobi,dkaeth
huobi,firoeth
huobi,topceth
huobi,boxeth
huobi,socusdt
huobi,kaneth
huobi,veteth
huobi,lendbtc
huobi,lendeth
huobi,dbceth
huobi,wxtht
huobi,firobtc
huobi,fil3susdt
huobi,ncashbtc
huobi,sklbtc
huobi,auctionusdt
huobi,linausdt
huobi,atpbtc
huobi,maticeth
huobi,itceth
huobi,umabtc
huobi,cvcusdt
huobi,hitbtc
huobi,neohusd
huobi,iostht
huobi,trbusdt
huobi,dkabtc
huobi,filusdt
huobi,uuueth
huobi,lolusdt
huobi,glmbtc
huobi,glmeth
huobi,crohusd
huobi,lxtbtc
huobi,utkusdt
huobi,thetabtc
huobi,wavesusdt
huobi,sceth
huobi,gvebtc
huobi,cruusdt
huobi,titanusdt
huobi,skleth
huobi,mtht
huobi,rsrusdt
huobi,sushihusd
huobi,apnusdt
huobi,lxteth
huobi,thetaeth
huobi,scbtc
huobi,adausdt
huobi,nccbtc
huobi,egtht
huobi,bch3lusdt
huobi,18cbtc
huobi,cvnteth
huobi,avaxbtc
huobi,rvnbtc
huobi,avaxeth
huobi,ttbtc
huobi,ankrusdt
huobi,canusdt
huobi,paxusdt
huobi,rdnbtc
huobi,zrxbtc
huobi,grtusdt
huobi,ringbtc
huobi,qtumeth
huobi,mtneth
huobi,xrp3susdt
huobi,wtcusdt
huobi,zilhusd
huobi,akrousdt
huobi,ringusdt
huobi,ltcht
huobi,zecbtc
huobi,stakeeth
huobi,fildaeth
huobi,mirusdt
huobi,ctxceth
huobi,btseth
huobi,onebtc
huobi,zrxusdt
huobi,bch3susdt
huobi,datxeth
huobi,maneth
huobi,buteth
huobi,crvbtc
huobi,chateth
huobi,link3lusdt
huobi,astbtc
huobi,mtbtc
huobi,newusdt
huobi,1incheth
huobi,bkbteth
huobi,aaceth
huobi,nuusdt
huobi,injbtc
huobi,fairbtc
huobi,kcashbtc
huobi,kanbtc
huobi,raibtc
huobi,crvusdt
huobi,npxsbtc
huobi,balbtc
huobi,mdxeth
huobi,pundixeth
huobi,nulsbtc
huobi,atpht
huobi,jsteth
huobi,stnbtc
huobi,xrp3lusdt
huobi,enjeth
huobi,vsysusdt
huobi,bcxbtc
huobi,pceth
huobi,unibtc
huobi,rcneth
huobi,iiceth
huobi,baleth
huobi,xrteth
huobi,rcnbtc
huobi,xrtbtc
huobi,injusdt
huobi,raieth
huobi,dtaeth
huobi,mtausdt
huobi,ardreth
huobi,dotbtc
huobi,valueeth
huobi,btmusdt
huobi,nubtc
huobi,valuebtc
huobi,datbtc
huobi,asteth
huobi,storjbtc
huobi,newbtc
huobi,pondusdt
huobi,nexoeth
huobi,datxbtc
huobi,gaseth
huobi,gasbtc
huobi,dateth
huobi,nexobtc
huobi,enjbtc
huobi,ektusdt
huobi,wprbtc
huobi,mirbtc
huobi,mkrusdt
huobi,dhtbtc
huobi,stakebtc
huobi,ardrbtc
huobi,dfht
huobi,mtabtc
huobi,nesthusd
huobi,gtbtc
huobi,ugaseth
huobi,reneth
huobi,renbtc
huobi,dhteth
huobi,edubtc
huobi,ugasbtc
huobi,valueusdt
huobi,reefusdt
huobi,astusdt
huobi,mcousdt
huobi,hiveht
huobi,polybtc
huobi,paybtc
huobi,bsvbtc
huobi,ckbusdt
huobi,ringeth
huobi,vsysht
huobi,mdsusdt
huobi,snxhusd
huobi,bsv3lusdt
huobi,caneth
huobi,knceth
huobi,adahusd
huobi,stakeusdt
huobi,iosteth
huobi,bandhusd
huobi,qashbtc
huobi,fildabtc
huobi,lbausdt
huobi,utkbtc
huobi,gnxusdt
huobi,zileth
huobi,htbtc
huobi,dhtusdt
huobi,reefbtc
huobi,aidoceth
huobi,yfiieth
huobi,cnneth
huobi,bethusdt
huobi,blzeth
huobi,btc3susdt
huobi,btsbtc
huobi,triobtc
huobi,compusdt
huobi,bandbtc
huobi,adabtc
huobi,rdneth
huobi,fttusdt
huobi,btmbtc
huobi,cvcbtc
huobi,eoseth
huobi,cvcoinbtc
huobi,manausdt
huobi,usdcusdt
huobi,egtbtc
huobi,abteth
huobi,algousdt
huobi,ctxcusdt
huobi,insurbtc
huobi,injeth
huobi,powreth
huobi,bcveth
huobi,evxeth
huobi,iotausdt
huobi,kcasheth
huobi,bifibtc
huobi,xvgbtc
huobi,jstbtc
huobi,croht
huobi,fil3lusdt
huobi,ontbtc
huobi,sntusdt
huobi,vetusdt
huobi,linaeth
huobi,rvnusdt
huobi,crubtc
huobi,npxseth
huobi,umaeth
huobi,rbtcbtc
huobi,hiveusdt
huobi,neousdt
huobi,xrpht
huobi,fiseth
huobi,ncasheth
huobi,bchbtc
huobi,pearlusdt
huobi,ethhusd
huobi,onthusd
huobi,wavesbtc
huobi,lxtusdt
huobi,1inchusdt
huobi,grsbtc
huobi,bntusdt
huobi,ltcusdt
huobi,xmxbtc
huobi,ethbtc
huobi,rccceth
huobi,thetausdt
huobi,dashht
huobi,arpausdt
huobi,fttht
huobi,bt1btc
huobi,propybtc
huobi,btc1susdt
huobi,botbtc
huobi,borbtc
huobi,hbcbtc
huobi,vidyusdt
huobi,auctionbtc
huobi,phxbtc
huobi,lambeth
huobi,sspeth
huobi,uipeth
huobi,gveeth
huobi,fileth
huobi,areth
huobi,solusdt
huobi,sushiusdt
huobi,bttusdt
huobi,portalbtc
huobi,rsrhusd
huobi,chzusdt
huobi,lymbtc
huobi,wbtcusdt
huobi,18ceth
huobi,filhusd
huobi,linkusdt
huobi,zrxeth
huobi,boxbtc
huobi,btcusdc
huobi,lskbtc
huobi,cvntbtc
huobi,hitusdt
huobi,bsv3susdt
huobi,oneusdt
huobi,achbtc
huobi,ckbht
huobi,dacbtc
huobi,dfbtc
huobi,wiccusdt
huobi,chzbtc
huobi,irisbtc
huobi,gofbtc
huobi,ftieth
huobi,suneth
huobi,bhdbtc
huobi,yfieth
huobi,ucbtc
huobi,icxbtc
huobi,elaeth
huobi,rvnht
huobi,gofusdt
huobi,crvhusd
huobi,dfusdt
huobi,badgerbtc
huobi,arpaht
huobi,ttusdt
huobi,hbareth
huobi,api3btc
huobi,rtebtc
huobi,dacusdt
huobi,grtbtc
huobi,letusdt
huobi,botusdt
huobi,zeneth
huobi,musketh
huobi,hptbtc
huobi,aeeth
huobi,nhbtcusdt
huobi,nasusdt
huobi,snceth
huobi,dot2susdt
huobi,linkbtc
huobi,etnbtc
huobi,waneth
huobi,docketh
huobi,dcrusdt
huobi,dothusd
huobi,floweth
huobi,xlmeth
huobi,letbtc
huobi,bhdht
huobi,ekobtc
huobi,bhdusdt
huobi,iotxusdt
huobi,mlneth
huobi,eth3lusdt
huobi,mexbtc
huobi,akroht
huobi,mxht
huobi,wnxmeth
huobi,hotusdt
huobi,hbcht
huobi,yeebtc
huobi,xtzeth
huobi,wiccbtc
huobi,dcrbtc
huobi,idteth
huobi,crousdt
huobi,wooeth
huobi,lrcbtc
huobi,steemeth
huobi,egcceth
huobi,dogeeth
huobi,badgerusdt
huobi,hptusdt
huobi,nasbtc
huobi,ltcbtc
huobi,zlaeth
huobi,aaveusdt
huobi,shebtc
huobi,tnteth
huobi,balhusd
huobi,firousdt
huobi,btmhusd
huobi,gtcbtc
huobi,icpbtc
huobi,omgeth
huobi,iotxbtc
huobi,nsureeth
huobi,yamv2btc
huobi,soceth
huobi,aavebtc
huobi,fortheth
huobi,massbtc
huobi,ttht
huobi,ogobtc
huobi,shibusdt
huobi,eth1susdt
huobi,bchht
huobi,phaeth
huobi,hotbtc
huobi,appcbtc
huobi,yeeusdt
huobi,kavaeth
huobi,renhusd
huobi,actusdt
huobi,api3usdt
huobi,icxusdt
huobi,irisusdt
huobi,massusdt
huobi,nesteth
huobi,bateth
huobi,oneht
huobi,compbtc
huobi,polseth
huobi,pntbtc
huobi,elfbtc
huobi,vidyht
huobi,xrpusdt
huobi,ogousdt
huobi,ocnusdt
huobi,adxeth
huobi,anteth
huobi,rndreth
huobi,wbtcbtc
huobi,yfihusd
huobi,wtceth
huobi,elabtc
huobi,tnbeth
huobi,uceth
huobi,loombtc
huobi,aebtc
huobi,grteth
huobi,wnxmusdt
huobi,fildausdt
huobi,seelebtc
huobi,bchausdt
huobi,gnxbtc
huobi,steemusdt
huobi,ruffeth
huobi,xmrbtc
huobi,dgbeth
huobi,fsnusdt
huobi,jstusdt
huobi,wanbtc
huobi,ksmht
huobi,axsbtc
huobi,dockbtc
huobi,creht
huobi,skmusdt
huobi,lunabtc
huobi,stkbtc
huobi,lbabtc
huobi,xrpbtc
huobi,skmht
huobi,uipusdt
huobi,btsusdt
huobi,pondbtc
huobi,bttbtc
huobi,ckbbtc
huobi,tosbtc
huobi,renusdt
huobi,dogehusd
huobi,atombtc
huobi,pearlbtc
huobi,nodeht
huobi,mlnbtc
huobi,swftceth
huobi,bt2btc
huobi,eos3susdt
huobi,saltbtc
huobi,hbcusdt
huobi,algohusd
huobi,mcobtc
huobi,nodeusdt
huobi,qtumhusd
huobi,chrht
huobi,xlmbtc
huobi,fttbtc
huobi,xtzbtc
huobi,yamv2usdt
huobi,btc3lusdt
huobi,covabtc
huobi,chrusdt
huobi,hbarusdt
huobi,dashhusd
huobi,xmxusdt
huobi,nhbtceth
huobi,ksmusdt
huobi,apneth
huobi,yccbtc
huobi,zec3lusdt
huobi,ethusdt
huobi,gsceth
huobi,hcbtc
huobi,grseth
huobi,vethusd
huobi,bnteth
huobi,pearleth
huobi,sandusdt
huobi,crueth
huobi,insurusdt
huobi,crobtc
huobi,ltchusd
huobi,kanusdt
huobi,toseth
huobi,cvpbtc
huobi,hceth
huobi,auctioneth
huobi,engbtc
huobi,cnnsusdt
huobi,vidybtc
huobi,achusdt
huobi,rcccbtc
huobi,btteth
huobi,ycceth
huobi,renbtcbtc
huobi,forusdt
huobi,engeth
huobi,getbtc
huobi,fsnht
huobi,cvpeth
huobi,qspeth
huobi,ognht
huobi,zjltbtc
huobi,bchusdt
huobi,xmreth
huobi,lymeth
huobi,solbtc
huobi,sushibtc
huobi,zjlteth
huobi,lrcusdt
huobi,titaneth
huobi,itcusdt
huobi,mtxeth
huobi,zrxhusd
huobi,mtxbtc
huobi,linkhusd
huobi,htusdt
huobi,bfteth
huobi,nknht
huobi,thetahusd
huobi,ogoht
huobi,loometh
huobi,bntbtc
huobi,ostbtc
huobi,csprusdt
huobi,bixbtc
huobi,bftbtc
huobi,arpabtc
huobi,hivebtc
huobi,uuuusdt
huobi,maticusdt
huobi,bixeth
huobi,lsketh
huobi,zenusdt
huobi,evxbtc
huobi,kncusdt
huobi,gtusdt
huobi,gnxeth
huobi,zilusdt
huobi,daiusdt
huobi,akrobtc
huobi,mxusdt
huobi,zecusdt
huobi,zksusdt
huobi,lambbtc
huobi,seeleeth
huobi,ognusdt
huobi,titanbtc
huobi,cdceth
huobi,aidocbtc
huobi,polyeth
huobi,nulsusdt
huobi,wtcbtc
huobi,trxhusd
huobi,yfiibtc
huobi,wbtceth
huobi,boreth
huobi,axseth
huobi,waxpbtc
huobi,cmteth
huobi,yambtc
huobi,avaxusdt
huobi,reefeth
huobi,stketh
huobi,qspbtc
huobi,lambht
huobi,dotusdt
huobi,atometh
huobi,lbaeth
huobi,lambusdt
huobi,ognbtc
huobi,neobtc
huobi,zksbtc
huobi,ontusdt
huobi,covaeth
huobi,payeth
huobi,nanoeth
huobi,sntbtc
huobi,eoshusd
huobi,btmeth
huobi,pondeth
huobi,trbbtc
huobi,dkausdt
huobi,mcoeth
huobi,stptbtc
huobi,nexousdt
huobi,yamusdt
huobi,powrbtc
huobi,snxeth
huobi,xvgeth
huobi,ankrbtc
huobi,kmdbtc
huobi,omghusd
huobi,balusdt
huobi,paibtc
huobi,frontusdt
huobi,dtausdt
huobi,iicbtc
huobi,storjusdt
huobi,meetbtc
huobi,hptht
huobi,trbeth
huobi,aavehusd
huobi,manabtc
huobi,pcbtc
huobi,mkrbtc
huobi,paieth
huobi,srneth
huobi,srnbtc
huobi,smteth
huobi,lendusdt
huobi,ektbtc
huobi,bagsusdt
huobi,emht
huobi,ekteth
huobi,smtbtc
huobi,waxpeth
huobi,maskusdt
huobi,etchusd
huobi,swrveth
huobi,eth3susdt
huobi,cnnbtc
huobi,smtusdt
huobi,wpreth
huobi,mireth
huobi,uniusdt
huobi,swrvbtc
huobi,cdcbtc
huobi,swrvusdt
huobi,dtabtc
huobi,manaeth
huobi,irishusd
huobi,zec3susdt
huobi,meeteth
huobi,mkreth
huobi,mtaeth
huobi,fronteth
huobi,frontbtc
huobi,kavahusd
huobi,vsysbtc
huobi,mxbtc
huobi,enjusdt
huobi,skmbtc
huobi,venbtc
huobi,iosthusd
huobi,veneth
huobi,kmdeth
huobi,edueth
huobi,waxpusdt
huobi,yfiusdt
huobi,butbtc
huobi,fsnbtc
huobi,sunusdt
huobi,etneth
huobi,woousdt
huobi,lhbusdt
huobi,sbtcbtc
huobi,mdxht
huobi,rteeth
huobi,axsusdt
huobi,daceth
huobi,gofeth
huobi,btgbtc
huobi,uipbtc
huobi,mlnusdt
huobi,ekoeth
huobi,aacusdt
huobi,qtumusdt
huobi,cmtbtc
huobi,ftibtc
huobi,chzeth
huobi,dashusdt
huobi,xlmusdt
huobi,chrbtc
huobi,iriseth
huobi,hoteth
huobi,rsrbtc
huobi,loomusdt
huobi,sncbtc
huobi,api3eth
huobi,hbarbtc
huobi,bixusdt
huobi,nodebtc
huobi,dogeusdt
huobi,antusdt
huobi,crveth
huobi,badgereth
huobi,yameth
huobi,linketh
huobi,nestht
huobi,wxtbtc
huobi,zenbtc
huobi,nestusdt
huobi,mtlbtc
huobi,waveseth
huobi,mteth
huobi,steembtc
huobi,lrceth
huobi,faireth
huobi,leteth
huobi,mexeth
huobi,bchabtc
huobi,btchusd
huobi,wnxmbtc
huobi,atomusdt
huobi,zkseth
huobi,pvtusdt
huobi,lunaht
huobi,lunausdt
huobi,sandbtc
huobi,bsvhusd
huobi,nanobtc
huobi,umausdt
huobi,dockusdt
huobi,pundixbtc
huobi,snxbtc
huobi,aeusdt
huobi,ksmhusd
huobi,mdxusdt
huobi,glmusdt
huobi,ethusdc
huobi,atpusdt
huobi,filbtc
huobi,dbcbtc
huobi,gscbtc
huobi,raiusdt
huobi,onteth
huobi,topcbtc
huobi,csprbtc
huobi,linabtc
huobi,insureth
huobi,uni2lusdt
huobi,paiusdt
huobi,geteth
huobi,propyeth
huobi,xrtusdt
huobi,hiteth
huobi,btttrx
huobi,topbtc
huobi,eos3lusdt
huobi,maticbtc
huobi,itcbtc
huobi,stptusdt
huobi,apnbtc
huobi,bcdbtc
huobi,xmxeth
huobi,uuubtc
huobi,stnusdt
huobi,bchhusd
huobi,muskbtc
huobi,kcashusdt
huobi,blzusdt
huobi,hthusd
huobi,sklusdt
huobi,etcht
huobi,renbtceth
huobi,xtzusdt
huobi,xmrusdt
huobi,portaleth
huobi,soleth
huobi,sushieth
huobi,seeleusdt
huobi,hteth
huobi,ksmbtc
huobi,utketh
huobi,cnnsbtc
huobi,osteth
huobi,ncceth
huobi,canbtc
huobi,sspbtc
huobi,kncbtc
huobi,hcusdt
huobi,boteth
huobi,arbtc
huobi,lolbtc
huobi,acheth
huobi,forbtc
huobi,dot2lusdt
huobi,trxbtc
huobi,mdseth
huobi,embtc
huobi,bcvbtc
huobi,bandeth
huobi,iotaeth
huobi,iostusdt
huobi,yfiiusdt
huobi,nearusdt
huobi,nbsusdt
huobi,reqbtc
huobi,knchusd
huobi,arusdt
huobi,kcashht
huobi,daihusd
huobi,ruffbtc
huobi,qasheth
huobi,stptht
huobi,paxhusd
huobi,ctsiusdt
huobi,eosht
huobi,nearbtc
huobi,gxcbtc
huobi,forht
huobi,blzbtc
huobi,topht
huobi,akrohusd
huobi,batusdt
huobi,dgbbtc
huobi,zechusd
huobi,phabtc
huobi,tnbbtc
huobi,zilbtc
huobi,trioeth
huobi,nbsbtc
huobi,ocneth
huobi,scusdt
huobi,emusdt
huobi,cnnsht
huobi,adaeth
huobi,algoeth
huobi,salteth
huobi,cvpusdt
huobi,cvcoineth
huobi,eosbtc
huobi,ruffusdt
huobi,unihusd
huobi,abtbtc
huobi,abtusdt
huobi,nknbtc
huobi,oxtbtc
huobi,swftcusdt
huobi,cvceth
huobi,eosusdt
huobi,swftcbtc
huobi,gxcusdt
huobi,oxtusdt
huobi,dgdeth
huobi,trxusdt
huobi,acteth
huobi,fisbtc
huobi,qunbtc
huobi,link3susdt
huobi,gtht
huobi,usdthusd
huobi,latbtc
huobi,phausdt
huobi,betheth
huobi,fisusdt
huobi,omgusdt
huobi,yamv2eth
huobi,crebtc
huobi,forthusdt
huobi,aaveeth
huobi,gtceth
huobi,topusdt
huobi,ankrht
huobi,tntbtc
huobi,zlabtc
huobi,socbtc
huobi,pvtht
huobi,creusdt
huobi,forthbtc
huobi,nsurebtc
huobi,luneth
huobi,latusdt
huobi,sheeth
huobi,rndrusdt
huobi,polsusdt
huobi,tusdhusd
huobi,etcusdt
huobi,batbtc
huobi,masseth
huobi,kavabtc
huobi,appceth
huobi,omgbtc
huobi,iotxeth
huobi,elausdt
huobi,nknusdt
huobi,iostbtc
huobi,kavausdt
huobi,polsbtc
huobi,adxbtc
huobi,pnteth
huobi,elfeth
huobi,xembtc
huobi,tnbusdt
huobi,sandht
huobi,ltc3lusdt
huobi,ftiusdt
huobi,rndrbtc
huobi,nestbtc
huobi,antbtc
huobi,mxcusdt
huobi,competh
huobi,mkrhusd
huobi,flowusdt
gateio,IHT_ETH
gateio,AME_ETH
gateio,ALEPH_USDT
gateio,OGN_USDT
gateio,HC_USDT
gateio,SAL_USDT
gateio,QNT_USDT
gateio,QTUM_ETH
gateio,MAHA_ETH
gateio,POOL_USDT
gateio,KGC_USDT
gateio,HARD_USDT
gateio,FTT_ETH
gateio,K21_ETH
gateio,FINE_USDT
gateio,REP_USDT
gateio,SKM_ETH
gateio,QLC_ETH
gateio,GAS_BTC
gateio,BAO_USDT
gateio,ANT_USDT
gateio,VIDYX_USDT
gateio,SMTY_ETH
gateio,SHARE_USDT
gateio,FIN_USDT
gateio,MTV_USDT
gateio,JNT_ETH
gateio,SMTY_USDT
gateio,ORAO_USDT
gateio,AE_ETH
gateio,MAN_USDT
gateio,SUSD_USDT
gateio,VET_USDT
gateio,MDA_ETH
gateio,STX_ETH
gateio,WSIENNA_USDT
gateio,NFTX_USDT
gateio,SFI_ETH
gateio,BSV3L_USDT
gateio,DIS_ETH
gateio,FET_USDT
gateio,VELO_USDT
gateio,NSBT_BTC
gateio,GSE_ETH
gateio,HNS_BTC
gateio,DUSK_USDT
gateio,EGLD_ETH
gateio,SWRV_USDT
gateio,ONT_ETH
gateio,KINE_ETH
gateio,SAKE_ETH
gateio,SUSD_ETH
gateio,ONC_USDT
gateio,DAI_USDT
gateio,PERL_ETH
gateio,STMX_USDT
gateio,SKL_USDT
gateio,GYEN_USDT
gateio,AMPL3S_USDT
gateio,ULU_ETH
gateio,INSUR_ETH
gateio,CAKE_ETH
gateio,SXP_ETH
gateio,COTI_USDT
gateio,AVA_USDT
gateio,HIT_ETH
gateio,EOS_ETH
gateio,KYL_USDT
gateio,REVV_ETH
gateio,XRP_USDT
gateio,ICP_ETH
gateio,PCX_USDT
gateio,LEMO_ETH
gateio,MKR_ETH
gateio,MATIC_USDT
gateio,VAI_ETH
gateio,MOBI_BTC
gateio,BEAM_BTC
gateio,FTT_USDT
gateio,IQ_ETH
gateio,AMPL3L_USDT
gateio,TAI_USDT
gateio,DHV_ETH
gateio,AST_USDT
gateio,SNX3S_USDT
gateio,PBR_USDT
gateio,XEND_ETH
gateio,SHR_ETH
gateio,PRQ_USDT
gateio,LPOOL_USDT
gateio,CBK_USDT
gateio,BXC_USDT
gateio,DEGO_USDT
gateio,L3P_USDT
gateio,ONC_ETH
gateio,XTZ_ETH
gateio,NEO3L_USDT
gateio,FROG_USDT
gateio,BCH3S_USDT
gateio,GLM_USDT
gateio,VRA_USDT
gateio,ONS_USDT
gateio,ZEC3L_USDT
gateio,TFD_ETH
gateio,FRA_USDT
gateio,RDN_ETH
gateio,BLANK_USDT
gateio,DDD_USDT
gateio,AKRO_ETH
gateio,LTO_ETH
gateio,FLY_USDT
gateio,CREDIT_USDT
gateio,ZRX_ETH
gateio,NBOT_USDT
gateio,HT3L_USDT
gateio,DORA_ETH
gateio,LLT_SNET
gateio,XMR_USDT
gateio,FTM_USDT
gateio,MTL_ETH
gateio,ADX_ETH
gateio,RUNE_ETH
gateio,PIG_USDT
gateio,BCUG_USDT
gateio,EGG_ETH
gateio,BTG_USDT
gateio,CS_USDT
gateio,XVS_USDT
gateio,A5T_USDT
gateio,GOD_BTC
gateio,WAVES_USDT
gateio,LSK_BTC
gateio,BTT_TRX
gateio,POLC_USDT
gateio,MIR_ETH
gateio,SRM_ETH
gateio,ORN_ETH
gateio,RBC_ETH
gateio,BSCS_ETH
gateio,ZEC3S_USDT
gateio,DOS_USDT
gateio,HT3S_USDT
gateio,RING_USDT
gateio,BCD_BTC
gateio,FIRO_USDT
gateio,AUDIO_USDT
gateio,CRBN_USDT
gateio,XMARK_USDT
gateio,SAKE_USDT
gateio,LUNA_USDT
gateio,RFUEL_USDT
gateio,NEO3S_USDT
gateio,TNT_ETH
gateio,MIR_USDT
gateio,ETC_BTC
gateio,ALPACA_ETH
gateio,KSM_USDT
gateio,XMARK_ETH
gateio,BCHA3S_USDT
gateio,QTUM_USDT
gateio,DOGE3S_USDT
gateio,RVN_USDT
gateio,ARES_ETH
gateio,TNC_ETH
gateio,SENC_ETH
gateio,ONE_USDT
gateio,STORJ_ETH
gateio,MTN_ETH
gateio,BLES_ETH
gateio,XOR_ETH
gateio,JFI_USDT
gateio,USDG_USDT
gateio,BOND_ETH
gateio,ENJ_USDT
gateio,DOGE3L_USDT
gateio,BCHA3L_USDT
gateio,ONX_USDT
gateio,ISP_ETH
gateio,CTSI_USDT
gateio,ORBS_USDT
gateio,FIL_USDT
gateio,FTI_ETH
gateio,CTK_USDT
gateio,CBK_BTC
gateio,RAM_USDT
gateio,IRIS_USDT
gateio,AME_USDT
gateio,RING_ETH
gateio,JULD_ETH
gateio,POLK_ETH
gateio,HYVE_ETH
gateio,MIX_ETH
gateio,ORAO_ETH
gateio,IHT_USDT
gateio,MXC_BTC
gateio,DDD_BTC
gateio,SHIB_USDT
gateio,TSHP_USDT
gateio,AMP_USDT
gateio,BTCST_ETH
gateio,GS_ETH
gateio,DX_ETH
gateio,NYZO_ETH
gateio,RATING_ETH
gateio,LON3L_USDT
gateio,LINK_ETH
gateio,QLC_USDT
gateio,POWR_ETH
gateio,VET_ETH
gateio,ALGO_USDT
gateio,BAO_ETH
gateio,TORN_ETH
gateio,AUCTION_ETH
gateio,DOT5S_USDT
gateio,MRCH_ETH
gateio,CELR_ETH
gateio,XLM3L_USDT
gateio,TRU_ETH
gateio,MED_ETH
gateio,BSCPAD_ETH
gateio,AIOZ_ETH
gateio,ZCN_USDT
gateio,FOR_ETH
gateio,CVC3L_USDT
gateio,SALT_USDT
gateio,PLY_ETH
gateio,FIS_USDT
gateio,STOX_ETH
gateio,CRV_BTC
gateio,SCRT_ETH
gateio,ROSE_USDT
gateio,FRAX_USDT
gateio,BAGS_USDT
gateio,WIKEN_BTC
gateio,WOO_USDT
gateio,SNX3L_USDT
gateio,SAFEMOON_USDT
gateio,VTHO_USDT
gateio,OKB3L_USDT
gateio,LAMB_USDT
gateio,CHZ_USDT
gateio,FAR_ETH
gateio,OKB3S_USDT
gateio,JGN_ETH
gateio,EOS3S_USDT
gateio,ATOM_USDT
gateio,DBC_USDT
gateio,ACH_ETH
gateio,OST_ETH
gateio,EWT_ETH
gateio,FXS_USDT
gateio,CVC3S_USDT
gateio,ALPA_ETH
gateio,CGG_ETH
gateio,CIR_ETH
gateio,LON3S_USDT
gateio,INJ_USDT
gateio,FIRE_ETH
gateio,MAHA_USDT
gateio,NU_ETH
gateio,LEO_BTC
gateio,CRV_USDT
gateio,INJ_ETH
gateio,GRAP_USDT
gateio,AVAX3S_USDT
gateio,ERN_ETH
gateio,SUSHI_ETH
gateio,VET3S_USDT
gateio,KPAD_USDT
gateio,CRO_USDT
gateio,LEMD_USDT
gateio,ETH2_ETH
gateio,BASE_ETH
gateio,PERL_USDT
gateio,BANK_ETH
gateio,LST_ETH
gateio,UMB_USDT
gateio,SWINGBY_ETH
gateio,WICC_ETH
gateio,GXS_BTC
gateio,ALICE_ETH
gateio,ELEC_USDT
gateio,SFG_USDT
gateio,TIPS_ETH
gateio,FIL_BTC
gateio,RENBTC_USDT
gateio,TRU_USDT
gateio,IOST_BTC
gateio,PPS_USDT
gateio,UNISTAKE_ETH
gateio,DAFI_ETH
gateio,GTH_ETH
gateio,GLQ_USDT
gateio,PROPS_USDT
gateio,AERGO_USDT
gateio,RUFF_ETH
gateio,EOS3L_USDT
gateio,API3_USDT
gateio,ETHA_ETH
gateio,AXIS_ETH
gateio,LOON_USDT
gateio,AVAX3L_USDT
gateio,VET3L_USDT
gateio,AE_USDT
gateio,LYM_USDT
gateio,DCR_BTC
gateio,LBK_USDT
gateio,LAVA_USDT
gateio,RSV_USDT
gateio,KIF_USDT
gateio,LUNA_ETH
gateio,OGN_ETH
gateio,TOTM_USDT
gateio,PUNDIX_ETH
gateio,DG_ETH
gateio,DOT5L_USDT
gateio,NU_USDT
gateio,BLANK_ETH
gateio,PCNT_ETH
gateio,POLS_USDT
gateio,MTA_USDT
gateio,YIELD_USDT
gateio,LUN_ETH
gateio,ZCN_ETH
gateio,DVP_ETH
gateio,SYLO_USDT
gateio,ICX_USDT
gateio,BASE_USDT
gateio,PET_USDT
gateio,RED_ETH
gateio,SBTC_USDT
gateio,GTC_USDT
gateio,CVP_ETH
gateio,XRPBEAR_USDT
gateio,SXP_USDT
gateio,FAST_USDT
gateio,QASH_USDT
gateio,BCD_USDT
gateio,BTC_PAX
gateio,SRM_USDT
gateio,ZEC_USDT
gateio,UFT_USDT
gateio,ERN_USDT
gateio,PAX_USDT
gateio,EHASH_ETH
gateio,BADGER_ETH
gateio,AUDIO_ETH
gateio,DOCK_ETH
gateio,QSP_USDT
gateio,FLM_USDT
gateio,AAVE3S_USDT
gateio,BOND_USDT
gateio,TARA_USDT
gateio,TRX_USDT
gateio,DSLA_USDT
gateio,LTC_BTC
gateio,DOGE_USDT
gateio,ALN_ETH
gateio,CFX3S_USDT
gateio,YAMV2_USDT
gateio,FXS_ETH
gateio,QUICK_USDT
gateio,UTK_USDT
gateio,TRB_USDT
gateio,ALPHA_ETH
gateio,CVC_ETH
gateio,UNI_ETH
gateio,DASH3L_USDT
gateio,SFP_ETH
gateio,RUFF_BTC
gateio,WIKEN_USDT
gateio,OMG3S_USDT
gateio,BCH5S_USDT
gateio,UTK_ETH
gateio,MED_USDT
gateio,MAN_ETH
gateio,CGG_USDT
gateio,ABT_USDT
gateio,WOM_USDT
gateio,RIF_USDT
gateio,GTC_BTC
gateio,SMT_USDT
gateio,APYS_USDT
gateio,MFT_ETH
gateio,ABT_ETH
gateio,STOX_USDT
gateio,ZRX_BTC
gateio,GMAT_USDT
gateio,ROOM_ETH
gateio,STORJ_BTC
gateio,RAZOR_USDT
gateio,RAGE_USDT
gateio,DOCK_USDT
gateio,RDN_USDT
gateio,MTR_USDT
gateio,NKN_USDT
gateio,DENT_ETH
gateio,DFND_USDT
gateio,BLES_USDT
gateio,WNXM_ETH
gateio,BTC3S_USDT
gateio,BKC_USDT
gateio,FIL6_USDT
gateio,THETA3L_USDT
gateio,AVAX_ETH
gateio,NANO_BTC
gateio,BCX_BTC
gateio,ETH3L_USDT
gateio,QLC_BTC
gateio,BCUG_ETH
gateio,NEAR_ETH
gateio,ODDZ_ETH
gateio,ATOM_BTC
gateio,XRP_BTC
gateio,BTCBULL_USDT
gateio,STND_USDT
gateio,LPT_USDT
gateio,LTC3L_USDT
gateio,QI_ETH
gateio,TVK_USDT
gateio,CWS_USDT
gateio,SWOP_USDT
gateio,WBTC_USDT
gateio,INSTAR_ETH
gateio,ICX_ETH
gateio,PAID_ETH
gateio,XTZ_BTC
gateio,AGS_USDT
gateio,TARA_BTC
gateio,SASHIMI_ETH
gateio,GDAO_USDT
gateio,MARS_ETH
gateio,PMON_USDT
gateio,TVK_ETH
gateio,POWR_USDT
gateio,UOS_USDT
gateio,SLICE_USDT
gateio,NSBT_USDT
gateio,STR_ETH
gateio,BEAM3L_USDT
gateio,BEL_USDT
gateio,AXS_ETH
gateio,WEST_ETH
gateio,OMI_USDT
gateio,TIPS_USDT
gateio,GEM_USDT
gateio,FEI_USDT
gateio,XED_ETH
gateio,LRN_ETH
gateio,LION_USDT
gateio,BLACK_USDT
gateio,PCNT_USDT
gateio,CUDOS_USDT
gateio,OVR_USDT
gateio,ETC3S_USDT
gateio,CHR_ETH
gateio,FUEL_USDT
gateio,BAC_USDT
gateio,CONV_ETH
gateio,CDT_BTC
gateio,OPIUM_USDT
gateio,JST3L_USDT
gateio,BONDLY_USDT
gateio,RAZE_USDT
gateio,NFTX_ETH
gateio,PNK_ETH
gateio,ALPHR_ETH
gateio,RLY_USDT
gateio,INK_BTC
gateio,NEAR3S_USDT
gateio,XLM3S_USDT
gateio,AR_USDT
gateio,AKT_USDT
gateio,REEF_ETH
gateio,SRM3L_USDT
gateio,OPIUM_ETH
gateio,EWT_USDT
gateio,ALCX_ETH
gateio,CORN_USDT
gateio,STEP_USDT
gateio,CKB_BTC
gateio,MATTER_USDT
gateio,FXF_ETH
gateio,HIT_USDT
gateio,LEO_USDT
gateio,COMP_USDT
gateio,BAL_USDT
gateio,AQT_USDT
gateio,LINK3S_USDT
gateio,ROOK_ETH
gateio,OKT_ETH
gateio,RUNE_USDT
gateio,TCP_USDT
gateio,RBC_USDT
gateio,SPI_USDT
gateio,ETC_USDT
gateio,RENBTC_BTC
gateio,ETC_ETH
gateio,GNX_ETH
gateio,AE_BTC
gateio,LIEN_USDT
gateio,CREAM_USDT
gateio,ATOM3S_USDT
gateio,FORTH_ETH
gateio,KTN_ETH
gateio,TKO_ETH
gateio,CIR_USDT
gateio,BEAM_ETH
gateio,TCP_ETH
gateio,BAL3S_USDT
gateio,KNC_USDT
gateio,GAS_USDT
gateio,MCO_USDT
gateio,SAFEMARS_USDT
gateio,VALUE_USDT
gateio,BAS_ETH
gateio,QNT_ETH
gateio,RFOX_ETH
gateio,CRV3L_USDT
gateio,OXT_USDT
gateio,SHFT_USDT
gateio,LYM_ETH
gateio,PERP_USDT
gateio,VELO_ETH
gateio,DUCK2_USDT
gateio,DUCK2_ETH
gateio,UNCX_ETH
gateio,SERO_ETH
gateio,STX_USDT
gateio,CARDS_USDT
gateio,KAVA3L_USDT
gateio,GARD_USDT
gateio,ANY_USDT
gateio,GRT3L_USDT
gateio,BFC_USDT
gateio,COMBO_ETH
gateio,PAID_USDT
gateio,MKR_USDT
gateio,MASK_USDT
gateio,AVAX_USDT
gateio,SKL3L_USDT
gateio,BMI_ETH
gateio,SFIL_USDT
gateio,KLV_USDT
gateio,MKR3L_USDT
gateio,UST_USDT
gateio,LEDU_BTC
gateio,XLM_BTC
gateio,OIN_USDT
gateio,CAKE_USDT
gateio,RNDR_USDT
gateio,SHR_USDT
gateio,OXY_ETH
gateio,ONT_USDT
gateio,PNT_ETH
gateio,MATH_USDT
gateio,FEG_USDT
gateio,DUCK_ETH
gateio,MITH_ETH
gateio,OCTO_ETH
gateio,LIEN_ETH
gateio,ZRX_USDT
gateio,AKT_ETH
gateio,BRY_ETH
gateio,BAND_USDT
gateio,TROY_ETH
gateio,REQ_ETH
gateio,SOP_ETH
gateio,GT_BTC
gateio,THETA_USDT
gateio,BOSON_ETH
gateio,NBS_USDT
gateio,DATA_ETH
gateio,AUCTION_USDT
gateio,BSCS_USDT
gateio,VAI_USDT
gateio,RVC_USDT
gateio,NULS_USDT
gateio,PEARL_USDT
gateio,COMP3S_USDT
gateio,SAND_ETH
gateio,OST_USDT
gateio,ALGO3L_USDT
gateio,BFT_USDT
gateio,SOUL_USDT
gateio,LRC_BTC
gateio,BUSD_USDT
gateio,POOLZ_USDT
gateio,ZIL_USDT
gateio,STEP_ETH
gateio,DG_USDT
gateio,DENT_USDT
gateio,REN_USDT
gateio,88MPH_USDT
gateio,LOCG_USDT
gateio,BLZ_USDT
gateio,CHAIN_ETH
gateio,LTC_SGD
gateio,BOR_USDT
gateio,HEGIC_USDT
gateio,DPY_USDT
gateio,ETC_SGD
gateio,GRIN3L_USDT
gateio,UNI3S_USDT
gateio,FOR_USDT
gateio,GEM_ETH
gateio,GSE_USDT
gateio,RAZOR_ETH
gateio,WEST_USDT
gateio,BTM3S_USDT
gateio,RAY_ETH
gateio,ALY_USDT
gateio,WAVES3L_USDT
gateio,ELF_ETH
gateio,BAT_USDT
gateio,RAMP_USDT
gateio,GARD_ETH
gateio,CRU_ETH
gateio,KINE_USDT
gateio,AUTO_ETH
gateio,BDT_USDT
gateio,COOK_USDT
gateio,BNTY_ETH
gateio,MDT_BTC
gateio,ANC_USDT
gateio,TOOLS_ETH
gateio,OPEN_ETH
gateio,ALCX_USDT
gateio,GRAP_ETH
gateio,TWT_ETH
gateio,KTN_USDT
gateio,POLY_ETH
gateio,BEAM_USDT
gateio,STAR_USDT
gateio,PAY_ETH
gateio,RCN_USDT
gateio,BMI_USDT
gateio,MATIC_ETH
gateio,LOWB_USDT
gateio,SNET_ETH
gateio,DILI_USDT
gateio,OM_USDT
gateio,KIMCHI_ETH
gateio,UNN_USDT
gateio,POND_USDT
gateio,MUSE_USDT
gateio,UNFI_USDT
gateio,FORTH_USDT
gateio,ADD_ETH
gateio,RLC_USDT
gateio,YFDAI_USDT
gateio,SENC_USDT
gateio,DOT_BTC
gateio,FIRE_USDT
gateio,NEST_USDT
gateio,XRP3S_USDT
gateio,AUTO_USDT
gateio,VSO_USDT
gateio,XRP_SGD
gateio,ATP_ETH
gateio,OCN_USDT
gateio,CHZ_ETH
gateio,VRA_BTC
gateio,SOL3L_USDT
gateio,BU_ETH
gateio,XEM_ETH
gateio,ALAYA_ETH
gateio,LTC5L_USDT
gateio,WBTC_BTC
gateio,DRGN_ETH
gateio,WRX_USDT
gateio,BNT_ETH
gateio,POWR_BTC
gateio,HEGIC_ETH
gateio,1INCH3S_USDT
gateio,BBK_ETH
gateio,YIELD_ETH
gateio,XRP5S_USDT
gateio,RAY_USDT
gateio,DSLA_ETH
gateio,SFI_USDT
gateio,CFX_USDT
gateio,NOIA_ETH
gateio,SWTH_ETH
gateio,PRARE_USDT
gateio,TOMO_USDT
gateio,MOBI_ETH
gateio,ONG_ETH
gateio,OKT_USDT
gateio,SUSHI3L_USDT
gateio,HSC_USDT
gateio,STBU_USDT
gateio,ACH_USDT
gateio,XYM_ETH
gateio,GTH_USDT
gateio,AKRO_USDT
gateio,TOMO_ETH
gateio,TCT_ETH
gateio,IOTA_BTC
gateio,CVP_USDT
gateio,MARS_USDT
gateio,FAST_ETH
gateio,MTA_ETH
gateio,DDD_ETH
gateio,YFII3L_USDT
gateio,EASY_ETH
gateio,ETHBULL_USDT
gateio,MATH_ETH
gateio,WICC_USDT
gateio,STMX_ETH
gateio,ROSE3S_USDT
gateio,KAVA_USDT
gateio,CONV_USDT
gateio,RAZE_ETH
gateio,QTUM3S_USDT
gateio,LRC3S_USDT
gateio,RNDR_ETH
gateio,TRX3S_USDT
gateio,APYS_ETH
gateio,BCHA_BTC
gateio,ROOK_USDT
gateio,PHA_USDT
gateio,ELF_USDT
gateio,WAR_USDT
gateio,KNC_ETH
gateio,VSO_ETH
gateio,NAS_USDT
gateio,VIDY_USDT
gateio,HOT_USDT
gateio,INV_ETH
gateio,ALICE_USDT
gateio,CBK_ETH
gateio,UFT_ETH
gateio,AERGO_ETH
gateio,FARM_ETH
gateio,ETHBEAR_USDT
gateio,LTO_USDT
gateio,ONX_ETH
gateio,RFR_ETH
gateio,BNB3L_USDT
gateio,IOST_USDT
gateio,BTO_USDT
gateio,STR_USDT
gateio,UMB_ETH
gateio,FIL_ETH
gateio,FEI_ETH
gateio,DHV_USDT
gateio,SPA_USDT
gateio,DNT_ETH
gateio,BTCST_USDT
gateio,WHITE_ETH
gateio,REM_ETH
gateio,ORAI_ETH
gateio,BCDN_USDT
gateio,YFII_ETH
gateio,1INCH_ETH
gateio,LINK_USDT
gateio,TLM_USDT
gateio,BTG_BTC
gateio,PSG_USDT
gateio,KEY_USDT
gateio,ALN_USDT
gateio,BAND_ETH
gateio,BTC_SGD
gateio,K21_USDT
gateio,MAPS_USDT
gateio,BSV5L_USDT
gateio,XMR3L_USDT
gateio,KONO_ETH
gateio,KTON_USDT
gateio,KP3R_ETH
gateio,XMC_BTC
gateio,NEST_ETH
gateio,SASHIMI_USDT
gateio,HYVE_USDT
gateio,DASH_BTC
gateio,DYP_ETH
gateio,ZPT_BTC
gateio,TARA_ETH
gateio,ELEC_ETH
gateio,ANC_ETH
gateio,DBC_ETH
gateio,GHST_ETH
gateio,OXY_USDT
gateio,BOA_USDT
gateio,88MPH_ETH
gateio,SERO3S_USDT
gateio,TWT_USDT
gateio,MARSH_USDT
gateio,ARPA_USDT
gateio,EZ_ETH
gateio,WHITE_USDT
gateio,EGLD3S_USDT
gateio,BDT_ETH
gateio,MINI_ETH
gateio,MIX_USDT
gateio,POND_ETH
gateio,REN_ETH
gateio,PET_ETH
gateio,CHAIN_USDT
gateio,ONT3S_USDT
gateio,UNFI_ETH
gateio,PUNDIX_USDT
gateio,UNI_USDT
gateio,DOGE_BTC
gateio,NAS_ETH
gateio,CSPR_USDT
gateio,RIF_ETH
gateio,OPEN_USDT
gateio,BAL_ETH
gateio,GRT_USDT
gateio,PST_ETH
gateio,HUSD_ETH
gateio,BLACK_ETH
gateio,ADEL_USDT
gateio,ZEE_ETH
gateio,XYM_USDT
gateio,EGLD_USDT
gateio,TSL_USDT
gateio,CKB_ETH
gateio,CVC_USDT
gateio,TOOLS_USDT
gateio,FAR_USDT
gateio,DIS_USDT
gateio,MOBI_USDT
gateio,DDOS_USDT
gateio,ETH5S_USDT
gateio,DKA_ETH
gateio,MBL_USDT
gateio,NRV_USDT
gateio,KIN_USDT
gateio,ETH5L_USDT
gateio,DX_USDT
gateio,BAGS_ETH
gateio,ADA_BTC
gateio,EOSBEAR_USDT
gateio,FET_ETH
gateio,MEETONE_ETH
gateio,DUSK_ETH
gateio,FXF_USDT
gateio,MPH_ETH
gateio,YOP_ETH
gateio,NOIA_USDT
gateio,BNB_USDT
gateio,SALT_ETH
gateio,CORAL_USDT
gateio,MDX_USDT
gateio,OMG_ETH
gateio,XPRT_ETH
gateio,DEXE_ETH
gateio,LKR_ETH
gateio,ZIL_ETH
gateio,GLQ_ETH
gateio,BTC5L_USDT
gateio,LABS_ETH
gateio,NKN_ETH
gateio,HAI_ETH
gateio,PSG_ETH
gateio,COVER_ETH
gateio,GDT_ETH
gateio,YFI_USDT
gateio,DASH_USDT
gateio,DDIM_USDT
gateio,REQ_USDT
gateio,ZIL3L_USDT
gateio,NYZO_USDT
gateio,CORE_USDT
gateio,UNN_ETH
gateio,INSUR_USDT
gateio,LRN_USDT
gateio,JGN_USDT
gateio,QKC_ETH
gateio,SNT_ETH
gateio,DRGN_USDT
gateio,CORAL_ETH
gateio,WAVES3S_USDT
gateio,ZSC_USDT
gateio,NUX_USDT
gateio,TRX_ETH
gateio,NEAR_USDT
gateio,XLM_ETH
gateio,QASH_BTC
gateio,MTRG_USDT
gateio,MRCH_USDT
gateio,TCT_USDT
gateio,BTM_BTC
gateio,FST_USDT
gateio,YFII_USDT
gateio,BCN_BTC
gateio,POLY_USDT
gateio,SOL_USDT
gateio,BTC5S_USDT
gateio,COMBO_USDT
gateio,AXS_USDT
gateio,SUKU_ETH
gateio,LIT_USDT
gateio,FIL3S_USDT
gateio,FLOW_ETH
gateio,SNOW_USDT
gateio,UNCX_USDT
gateio,BLY_BTC
gateio,UMX_USDT
gateio,ZIL3S_USDT
gateio,BTCBEAR_USDT
gateio,BTMX_USDT
gateio,ARMOR_USDT
gateio,KONO_USDT
gateio,MDA_USDT
gateio,OCN_ETH
gateio,FUEL_ETH
gateio,KSM3L_USDT
gateio,LYM_BTC
gateio,MUSE_ETH
gateio,PRARE_ETH
gateio,MINI_USDT
gateio,BIRD_ETH
gateio,MANA_ETH
gateio,ORAI_USDT
gateio,ZSC_ETH
gateio,SERO3L_USDT
gateio,GRT_ETH
gateio,MANA_USDT
gateio,LRC_ETH
gateio,OKB_USDT
gateio,ATD_USDT
gateio,MTN_USDT
gateio,DDIM_ETH
gateio,COMP3L_USDT
gateio,QKC_USDT
gateio,STORJ_USDT
gateio,XEM_USDT
gateio,LSK_USDT
gateio,IOTX_USDT
gateio,GTC_ETH
gateio,CEL_ETH
gateio,FILDA_USDT
gateio,OAX_BTC
gateio,WNXM_USDT
gateio,ETH_USDT
gateio,EGLD3L_USDT
gateio,BU_USDT
gateio,XMR_BTC
gateio,GXS_USDT
gateio,DEK_USDT
gateio,QBT_ETH
gateio,YFDAI_ETH
gateio,KSM3S_USDT
gateio,CHR_USDT
gateio,GYEN_ETH
gateio,ZEN3S_USDT
gateio,ONS_ETH
gateio,CSPR_ETH
gateio,XVS_ETH
gateio,DOWS_ETH
gateio,ALPACA_USDT
gateio,UST_ETH
gateio,LINA_ETH
gateio,HIVE_USDT
gateio,KP3R_USDT
gateio,KYL_ETH
gateio,BAT_BTC
gateio,WXT_ETH
gateio,LON_ETH
gateio,MFT_USDT
gateio,MIS_ETH
gateio,GS_USDT
gateio,ZEN3L_USDT
gateio,ANKR_USDT
gateio,LIT_ETH
gateio,LUN_USDT
gateio,SERO_USDT
gateio,WINGS_USDT
gateio,PAY_BTC
gateio,HOPR_ETH
gateio,RLY_ETH
gateio,XCH_USDT
gateio,ORN_USDT
gateio,TRIBE_ETH
gateio,EOS5S_USDT
gateio,BADGER_USDT
gateio,HGET_USDT
gateio,LKR_USDT
gateio,ADA3S_USDT
gateio,GRIN_ETH
gateio,BAKE_USDT
gateio,STN_ETH
gateio,SNT_USDT
gateio,NAX_USDT
gateio,DREP_USDT
gateio,CFX_ETH
gateio,YFI_ETH
gateio,CS_ETH
gateio,NORD_USDT
gateio,HUSD_USDT
gateio,HOT_ETH
gateio,BOSON_USDT
gateio,DVP_USDT
gateio,POOL_ETH
gateio,OMG_USDT
gateio,MPH_USDT
gateio,BCN_USDT
gateio,MDS_ETH
gateio,HC_BTC
gateio,GOD_USDT
gateio,RAI_USDT
gateio,WAR_ETH
gateio,ZEN_USDT
gateio,PI_BTC
gateio,SC_USDT
gateio,GUM_USDT
gateio,DORA_USDT
gateio,DIA_ETH
gateio,JASMY_ETH
gateio,SLNV2_ETH
gateio,REEF_USDT
gateio,COS_USDT
gateio,PROM_USDT
gateio,ARNX_USDT
gateio,BTT_ETH
gateio,NEO_BTC
gateio,SKM_USDT
gateio,EOS5L_USDT
gateio,ADA3L_USDT
gateio,TIDAL_ETH
gateio,EPS_ETH
gateio,INK_ETH
gateio,DOT_USDT
gateio,MDS_USDT
gateio,CKB_USDT
gateio,CRU_USDT
gateio,BEPRO_ETH
gateio,STEEM_USDT
gateio,CNNS_USDT
gateio,BTF_USDT
gateio,MASK_ETH
gateio,ZPT_USDT
gateio,STRAX_BTC
gateio,ETHA_USDT
gateio,RLC_ETH
gateio,ALPA_USDT
gateio,FIL3L_USDT
gateio,EON_ETH
gateio,A5T_ETH
gateio,SWAP_USDT
gateio,UOS_ETH
gateio,EOSDAC_ETH
gateio,XTZ3S_USDT
gateio,BFT_ETH
gateio,DYP_USDT
gateio,RARI_ETH
gateio,BONDLY_ETH
gateio,XTZ3L_USDT
gateio,XLM_USDT
gateio,PBTC35A_USDT
gateio,BSCPAD_USDT
gateio,DUCK_USDT
gateio,SNX_USDT
gateio,CARDS_ETH
gateio,KFC_USDT
gateio,HPB_ETH
gateio,RSR_USDT
gateio,MITH_USDT
gateio,CWS_ETH
gateio,FUN_ETH
gateio,EXRD_ETH
gateio,ILV_ETH
gateio,RCN_ETH
gateio,AST_ETH
gateio,AXIS_USDT
gateio,XMC_USDT
gateio,NPXS_ETH
gateio,FST_ETH
gateio,TIDAL_USDT
gateio,MARSH_ETH
gateio,NPXS_USDT
gateio,BFC_ETH
gateio,BCDN_ETH
gateio,XED_USDT
gateio,DOT3L_USDT
gateio,ATD_ETH
gateio,WING_ETH
gateio,SPI_ETH
gateio,BONDED_ETH
gateio,SHARE_ETH
gateio,REVV_USDT
gateio,ALAYA_USDT
gateio,ESD_USDT
gateio,YFI3L_USDT
gateio,FINE_ETH
gateio,NBOT_ETH
gateio,KLV_ETH
gateio,SUP_USDT
gateio,EASY_USDT
gateio,ODDZ_USDT
gateio,PROM_ETH
gateio,SNOW_ETH
gateio,RATING_USDT
gateio,BTM_USDT
gateio,TKO_USDT
gateio,ZKS_ETH
gateio,CHZ3S_USDT
gateio,LBA_USDT
gateio,BOX_USDT
gateio,ARCX_ETH
gateio,BAMBOO_USDT
gateio,PKF_USDT
gateio,KIF_ETH
gateio,FIDA_USDT
gateio,HSC_ETH
gateio,TUSD_USDT
gateio,TFUEL_USDT
gateio,TRB_ETH
gateio,FARM_USDT
gateio,LRC_USDT
gateio,STND_ETH
gateio,EHASH_USDT
gateio,IOTA_USDT
gateio,RFOX_USDT
gateio,FRONT_ETH
gateio,NORD_ETH
gateio,ENJ_ETH
gateio,LAYER_ETH
gateio,XRPBULL_USDT
gateio,DOT3S_USDT
gateio,HAI_USDT
gateio,BNB_BTC
gateio,BTC_USDT
gateio,CEL_USDT
gateio,WAVES_BTC
gateio,LTC_USDT
gateio,NSURE_ETH
gateio,ARPA_ETH
gateio,DAO_ETH
gateio,VIDYX_ETH
gateio,PICKLE_USDT
gateio,GMAT_ETH
gateio,BTC_USDC
gateio,MET_ETH
gateio,XEND_USDT
gateio,BXH_ETH
gateio,WOOP_USDT
gateio,LPOOL_ETH
gateio,OMI_ETH
gateio,MIS_USDT
gateio,SWINGBY_USDT
gateio,HT_BTC
gateio,BTT_USDT
gateio,SBTC_BTC
gateio,YFI3S_USDT
gateio,ONT3L_USDT
gateio,CHZ3L_USDT
gateio,ESS_ETH
gateio,XCUR_USDT
gateio,L3P_ETH
gateio,CFX3L_USDT
gateio,GNX_USDT
gateio,JASMY_USDT
gateio,XVG_BTC
gateio,ETH3S_USDT
gateio,EDR_ETH
gateio,WOZX_USDT
gateio,ZEE_USDT
gateio,FUN_USDT
gateio,GO_ETH
gateio,PBR_ETH
gateio,LON_USDT
gateio,BTC3L_USDT
gateio,WOO_ETH
gateio,THETA3S_USDT
gateio,BLZ_ETH
gateio,ISP_USDT
gateio,ANY_ETH
gateio,USDT_CNYX
gateio,GRT3S_USDT
gateio,DF_ETH
gateio,SWTH_USDT
gateio,NRV_ETH
gateio,WRX_ETH
gateio,FIDA_ETH
gateio,MKR3S_USDT
gateio,DIGG_USDT
gateio,EOS_BTC
gateio,BTS_BTC
gateio,TROY_USDT
gateio,BCH_USDT
gateio,KLAY_USDT
gateio,WING_USDT
gateio,ROSE_ETH
gateio,TON_USDT
gateio,AAVE3L_USDT
gateio,LAVA_ETH
gateio,FIC_USDT
gateio,QBT_USDT
gateio,BAKE_ETH
gateio,ONG_USDT
gateio,ERG_USDT
gateio,CREDIT_ETH
gateio,ALPHA_USDT
gateio,CELO_USDT
gateio,XVG_USDT
gateio,BTS_USDT
gateio,DIA_USDT
gateio,STAKE_USDT
gateio,OAX_ETH
gateio,LBA_ETH
gateio,FRAX_ETH
gateio,PBTC35A_ETH
gateio,EOS_USDT
gateio,EOSBULL_USDT
gateio,ESD_ETH
gateio,FLM_ETH
gateio,SFP_USDT
gateio,PET_BTC
gateio,BIFIF_ETH
gateio,MOMA_ETH
gateio,BAS_USDT
gateio,SHOPX_USDT
gateio,OM_ETH
gateio,REM_USDT
gateio,ARCX_USDT
gateio,ADEL_ETH
gateio,EOSDAC_USDT
gateio,MBL_ETH
gateio,ROOM_USDT
gateio,GO_USDT
gateio,OCN_BTC
gateio,DF_USDT
gateio,TPT_USDT
gateio,BAC_ETH
gateio,NSBT_ETH
gateio,BEAM3S_USDT
gateio,SUPER_ETH
gateio,KPAD_ETH
gateio,POOLZ_ETH
gateio,BCH5L_USDT
gateio,OXT_ETH
gateio,OMG3L_USDT
gateio,RFR_USDT
gateio,FTM_ETH
gateio,CFI_USDT
gateio,NMR_USDT
gateio,QTUM_BTC
gateio,SLM_USDT
gateio,HNS_USDT
gateio,LTC3S_USDT
gateio,WINGS_ETH
gateio,XCUR_ETH
gateio,QASH_ETH
gateio,FIS_ETH
gateio,DIGG_ETH
gateio,XOR_USDT
gateio,BSV_BTC
gateio,CTI_USDT
gateio,ARNX_ETH
gateio,SKL3S_USDT
gateio,NANO_USDT
gateio,ATMI_ETH
gateio,LAMB_ETH
gateio,BOR_ETH
gateio,WOOP_ETH
gateio,PNT_USDT
gateio,VSP_USDT
gateio,VALUE_ETH
gateio,GDAO_ETH
gateio,SUN_USDT
gateio,SNET_USDT
gateio,DATA_USDT
gateio,KIMCHI_USDT
gateio,SUKU_USDT
gateio,LABS_USDT
gateio,AAVE_USDT
gateio,FTI_USDT
gateio,ETH_SGD
gateio,SRM3S_USDT
gateio,ZKS_USDT
gateio,NAX_ETH
gateio,ABBC_USDT
gateio,GLM_ETH
gateio,BLY_USDT
gateio,JST_USDT
gateio,DPY_ETH
gateio,JULD_USDT
gateio,BU_BTC
gateio,KEY_ETH
gateio,BAT_ETH
gateio,XEM_BTC
gateio,BAL3L_USDT
gateio,YAMV2_ETH
gateio,AMPL_USDT
gateio,GRIN3S_USDT
gateio,AAVE_ETH
gateio,UDO_ETH
gateio,ZEC_BTC
gateio,HUR_ETH
gateio,EDG_USDT
gateio,NEAR3L_USDT
gateio,BCX_USDT
gateio,XCH_ETH
gateio,SOP_USDT
gateio,MTL_USDT
gateio,JNT_BTC
gateio,BCHA_USDT
gateio,CREAM_ETH
gateio,SWRV_ETH
gateio,TNC_BTC
gateio,CTI_ETH
gateio,DSD_ETH
gateio,BUSY_USDT
gateio,HARD_ETH
gateio,BXC_ETH
gateio,XTZ_USDT
gateio,TRIBE_USDT
gateio,CDT_USDT
gateio,BCH_SGD
gateio,MDT_USDT
gateio,FRA_ETH
gateio,DOG_USDT
gateio,OMG_BTC
gateio,ETH2_USDT
gateio,UNISTAKE_USDT
gateio,MAPS_ETH
gateio,UMX_ETH
gateio,LPT_ETH
gateio,COCOS_USDT
gateio,MATTER_ETH
gateio,DOWS_USDT
gateio,ATP_USDT
gateio,ATOM3L_USDT
gateio,PMON_ETH
gateio,JST3S_USDT
gateio,ORBS_ETH
gateio,GOF_USDT
gateio,LEV_USDT
gateio,LEMD_ETH
gateio,PST_USDT
gateio,AKITA_USDT
gateio,MDT_ETH
gateio,SHOPX_ETH
gateio,CRV3S_USDT
gateio,DAFI_USDT
gateio,XPRT_USDT
gateio,SLICE_ETH
gateio,MET_USDT
gateio,BEL_ETH
gateio,PROPS_ETH
gateio,TORN_USDT
gateio,HPB_USDT
gateio,KAI_USDT
gateio,DCR_USDT
gateio,1INCH_USDT
gateio,KAVA3S_USDT
gateio,EGG_USDT
gateio,LEMO_USDT
gateio,LINK3L_USDT
gateio,STRAX_USDT
gateio,CFI_ETH
gateio,PERI_USDT
gateio,YAM_USDT
gateio,FILDA_ETH
gateio,BDP_ETH
gateio,DODO_USDT
gateio,COFI_ETH
gateio,SUKU_BTC
gateio,ADX_USDT
gateio,EZ_USDT
gateio,GRIN_USDT
gateio,MXC_USDT
gateio,COVER_USDT
gateio,HGET_ETH
gateio,DREP_ETH
gateio,COOK_ETH
gateio,CRV_ETH
gateio,BTM3L_USDT
gateio,API3_ETH
gateio,POLK_USDT
gateio,HOPR_USDT
gateio,SHFT_ETH
gateio,SMT_ETH
gateio,ULU_USDT
gateio,INV_USDT
gateio,XRP3L_USDT
gateio,LAYER_USDT
gateio,STBU_ETH
gateio,DAO_USDT
gateio,EPS_USDT
gateio,LOCG_ETH
gateio,MOFI_USDT
gateio,AMP_ETH
gateio,NULS_ETH
gateio,SOL3S_USDT
gateio,CORE_ETH
gateio,DEXE_USDT
gateio,INK_USDT
gateio,NSURE_USDT
gateio,BIFI_USDT
gateio,ALEPH_ETH
gateio,SUTER_USDT
gateio,HAPI_USDT
gateio,LEDU_ETH
gateio,BNTY_USDT
gateio,CTK_ETH
gateio,IDV_USDT
gateio,HORD_USDT
gateio,SUPER_USDT
gateio,OCTO_USDT
gateio,CDT_ETH
gateio,ALGO3S_USDT
gateio,ARMOR_ETH
gateio,FROG_ETH
gateio,BXH_USDT
gateio,FLOW_USDT
gateio,RARI_USDT
gateio,BTM_ETH
gateio,ARGON_ETH
gateio,EDG_ETH
gateio,SC_ETH
gateio,SLNV2_USDT
gateio,HT_USDT
gateio,GDT_USDT
gateio,BANK_USDT
gateio,NBAI_ETH
gateio,TRX3L_USDT
gateio,USDC_USDT
gateio,ICP_USDT
gateio,EXRD_USDT
gateio,HC_ETH
gateio,BUSD_ETH
gateio,PICKLE_ETH
gateio,ARGON_USDT
gateio,XRP5L_USDT
gateio,REP_ETH
gateio,STN_USDT
gateio,TLM_ETH
gateio,LTC5S_USDT
gateio,BCH3L_USDT
gateio,BZRX_USDT
gateio,SNT_BTC
gateio,PERP_ETH
gateio,AIOZ_USDT
gateio,UPP_ETH
gateio,TPT_ETH
gateio,BEPRO_USDT
gateio,NEO_USDT
gateio,UMA_USDT
gateio,THETA_ETH
gateio,SPA_ETH
gateio,SWOP_ETH
gateio,ETC3L_USDT
gateio,ERG_ETH
gateio,BIFI_BTC
gateio,TNC_USDT
gateio,BONDED_USDT
gateio,YOP_USDT
gateio,QKC_BTC
gateio,VTHO_ETH
gateio,COFI_USDT
gateio,CRBN_ETH
gateio,GRIN_BTC
gateio,WOZX_ETH
gateio,STRAX_ETH
gateio,MOMA_USDT
gateio,JNT_USDT
gateio,STRONG_USDT
gateio,LRC3L_USDT
gateio,PAY_USDT
gateio,PKF_ETH
gateio,SHIP_ETH
gateio,ESS_USDT
gateio,DFL_USDT
gateio,BTF_BTC
gateio,YAM_ETH
gateio,VIDY_ETH
gateio,QSP_ETH
gateio,RED_USDT
gateio,BRY_USDT
gateio,STAR_ETH
gateio,STPT_USDT
gateio,ROSE3L_USDT
gateio,BTO_ETH
gateio,PNK_USDT
gateio,YFX_USDT
gateio,IDV_ETH
gateio,STRONG_ETH
gateio,BIFIF_USDT
gateio,RUFF_USDT
gateio,GT_USDT
gateio,TFUEL_ETH
gateio,ROOBEE_USDT
gateio,SOUL_ETH
gateio,OCEAN_USDT
gateio,BSV_USDT
gateio,GHST_USDT
gateio,CELR_USDT
gateio,LINA_USDT
gateio,SAND_USDT
gateio,ILV_USDT
gateio,ADA_USDT
gateio,RAI_ETH
gateio,BNB3S_USDT
gateio,TNT_USDT
gateio,BIRD_USDT
gateio,SWAP_ETH
gateio,SUSHI3S_USDT
gateio,LOON_ETH
gateio,FRONT_USDT
gateio,IOTX_ETH
gateio,DODO_ETH
gateio,QTUM3L_USDT
gateio,UNI3L_USDT
gateio,POLC_ETH
gateio,TMT_ETH
gateio,HORD_ETH
gateio,CRT_USDT
gateio,WGRT_USDT
gateio,MDX_ETH
gateio,NMR_ETH
gateio,NUX_ETH
gateio,1INCH3L_USDT
gateio,DKA_USDT
gateio,XMR3S_USDT
gateio,SCRT_USDT
gateio,YFII3S_USDT
gateio,QUICK_ETH
gateio,QI_USDT
gateio,BSV5S_USDT
gateio,NAS_BTC
gateio,WXT_USDT
gateio,CNNS_ETH
gateio,BCH_BTC
gateio,PI_USDT
gateio,HBAR_USDT
gateio,DBC_BTC
gateio,ZPT_ETH
gateio,WOM_ETH
gateio,ARES_USDT
gateio,DOG_ETH
gateio,VSP_ETH
gateio,BDP_USDT
gateio,SUSHI_USDT
gateio,ETH_BTC
gateio,BSV3S_USDT
gateio,UDO_USDT
gateio,MXC_ETH
gateio,DASH3S_USDT
gateio,WIN_USDT
gateio,OAX_USDT
gateio,DSD_USDT
gateio,ALPHR_USDT
kucoin,REQ-ETH
kucoin,REQ-BTC
kucoin,NULS-ETH
kucoin,NULS-BTC
kucoin,CVC-BTC
kucoin,NEBL-BTC
kucoin,SNT-ETH
kucoin,SNT-BTC
kucoin,PPT-ETH
kucoin,PPT-BTC
kucoin,BCHSV-BTC
kucoin,POWR-BTC
kucoin,POWR-ETH
kucoin,BCD-BTC
kucoin,BCD-ETH
kucoin,KNC-ETH
kucoin,KNC-BTC
kucoin,DACC-BTC
kucoin,OMG-ETH
kucoin,OMG-BTC
kucoin,CHSB-BTC
kucoin,CHSB-ETH
kucoin,MANA-BTC
kucoin,BTM-BTC
kucoin,AMB-ETH
kucoin,MANA-ETH
kucoin,AMB-BTC
kucoin,BTM-ETH
kucoin,ETN-BTC
kucoin,DGB-BTC
kucoin,DGB-ETH
kucoin,QTUM-BTC
kucoin,AION-ETH
kucoin,AION-BTC
kucoin,WTC-BTC
kucoin,ENJ-BTC
kucoin,ENJ-ETH
kucoin,SNX-ETH
kucoin,OPEN-ETH
kucoin,TIME-ETH
kucoin,SNX-USDT
kucoin,OPEN-BTC
kucoin,SNX-BTC
kucoin,TIME-BTC
kucoin,XLM-USDT
kucoin,VET-USDT
kucoin,DASH-ETH
kucoin,UTK-BTC
kucoin,UTK-ETH
kucoin,DASH-BTC
kucoin,GO-USDT
kucoin,AXPR-ETH
kucoin,AXPR-BTC
kucoin,ACT-ETH
kucoin,ACT-BTC
kucoin,EOS-KCS
kucoin,ETC-ETH
kucoin,EOS-BTC
kucoin,PLAY-BTC
kucoin,ETC-BTC
kucoin,EOS-USDT
kucoin,EOS-ETH
kucoin,GAS-BTC
kucoin,BCH-BTC
kucoin,PLAY-ETH
kucoin,ETC-USDT
kucoin,DENT-ETH
kucoin,DENT-BTC
kucoin,AGI-BTC
kucoin,MWAT-BTC
kucoin,MWAT-ETH
kucoin,AGI-ETH
kucoin,DRGN-BTC
kucoin,DRGN-ETH
kucoin,LTC-USDT
kucoin,CV-BTC
kucoin,R-BTC
kucoin,ACAT-BTC
kucoin,LTC-ETH
kucoin,CV-ETH
kucoin,ACAT-ETH
kucoin,LTC-BTC
kucoin,DBC-ETH
kucoin,DBC-BTC
kucoin,KEY-BTC
kucoin,KEY-ETH
kucoin,IOST-ETH
kucoin,ADB-ETH
kucoin,ADB-BTC
kucoin,HPB-BTC
kucoin,HPB-ETH
kucoin,IOST-BTC
kucoin,TEL-BTC
kucoin,CXO-BTC
kucoin,WAX-BTC
kucoin,COFI-BTC
kucoin,TEL-ETH
kucoin,WAX-ETH
kucoin,COFI-ETH
kucoin,CXO-ETH
kucoin,CAPP-ETH
kucoin,NANO-USDT
kucoin,TKY-BTC
kucoin,CAPP-BTC
kucoin,NANO-BTC
kucoin,NANO-ETH
kucoin,TKY-ETH
kucoin,ELF-ETH
kucoin,COV-ETH
kucoin,ZIL-BTC
kucoin,ELF-BTC
kucoin,LTC-KCS
kucoin,MAN-BTC
kucoin,COV-BTC
kucoin,ZIL-ETH
kucoin,TOMO-ETH
kucoin,ONT-BTC
kucoin,GO-BTC
kucoin,TOMO-BTC
kucoin,BAX-ETH
kucoin,LYM-ETH
kucoin,TRAC-ETH
kucoin,IOTX-ETH
kucoin,SOUL-BTC
kucoin,ONT-ETH
kucoin,LOOM-ETH
kucoin,TRAC-BTC
kucoin,DATX-BTC
kucoin,DATX-ETH
kucoin,QKC-BTC
kucoin,IOTX-BTC
kucoin,LYM-USDT
kucoin,GO-ETH
kucoin,QKC-ETH
kucoin,TKY-USDT
kucoin,ONT-USDT
kucoin,BAX-BTC
kucoin,LOOM-BTC
kucoin,SOUL-ETH
kucoin,LYM-BTC
kucoin,CS-BTC
kucoin,WAN-ETH
kucoin,WAN-BTC
kucoin,DOCK-BTC
kucoin,ETN-ETH
kucoin,AOA-USDT
kucoin,DOCK-ETH
kucoin,DACC-ETH
kucoin,CS-ETH
kucoin,AOA-BTC
kucoin,DAG-ETH
kucoin,SUSD-USDT
kucoin,ELA-BTC
kucoin,CBC-BTC
kucoin,TRX-BTC
kucoin,ZRX-BTC
kucoin,XLM-ETH
kucoin,TRX-ETH
kucoin,XLM-BTC
kucoin,SUSD-ETH
kucoin,DAG-BTC
kucoin,CPC-ETH
kucoin,TRX-USDT
kucoin,SUSD-BTC
kucoin,MVP-BTC
kucoin,CPC-BTC
kucoin,ZRX-ETH
kucoin,MVP-ETH
kucoin,ELA-ETH
kucoin,CRPT-ETH
kucoin,MTC-BTC
kucoin,OLT-ETH
kucoin,OLT-BTC
kucoin,MTC-ETH
kucoin,CRPT-BTC
kucoin,EDN-ETH
kucoin,EDN-BTC
kucoin,BCHSV-USDT
kucoin,BCHSV-ETH
kucoin,DCR-ETH
kucoin,DCR-BTC
kucoin,KCS-USDT
kucoin,KCS-ETH
kucoin,KCS-BTC
kucoin,VET-BTC
kucoin,VET-ETH
kucoin,NEO-ETH
kucoin,NEO-BTC
kucoin,NEO-USDT
kucoin,USDT-PAX
kucoin,USDT-TUSD
kucoin,NEO-KCS
kucoin,USDT-USDC
kucoin,ETH-PAX
kucoin,ETH-USDC
kucoin,ETH-TUSD
kucoin,BCH-USDT
kucoin,BTC-TUSD
kucoin,ETH-USDT
kucoin,BTC-USDT
kucoin,BTC-PAX
kucoin,ETH-BTC
kucoin,BTC-USDC
kucoin,MHC-ETH
kucoin,MHC-BTC
kucoin,CSP-BTC
kucoin,CSP-ETH
kucoin,LOKI-BTC
kucoin,LOKI-ETH
kucoin,NRG-BTC
kucoin,AVA-USDT
kucoin,FET-BTC
kucoin,FET-ETH
kucoin,ANKR-BTC
kucoin,DX-BTC
kucoin,DX-ETH
kucoin,MHC-USDT
kucoin,XMR-BTC
kucoin,XMR-ETH
kucoin,RBTC-BTC
kucoin,RIF-BTC
kucoin,TRTL-BTC
kucoin,TRTL-ETH
kucoin,MTV-BTC
kucoin,MTV-ETH
kucoin,CRO-BTC
kucoin,MTV-USDT
kucoin,RFOX-USDT
kucoin,TEL-USDT
kucoin,XMR-USDT
kucoin,TRX-KCS
kucoin,ATOM-BTC
kucoin,ATOM-ETH
kucoin,ATOM-USDT
kucoin,ATOM-KCS
kucoin,ETN-USDT
kucoin,FTM-USDT
kucoin,TOMO-USDT
kucoin,VSYS-USDT
kucoin,OCEAN-BTC
kucoin,OCEAN-ETH
kucoin,CHR-BTC
kucoin,CHR-USDT
kucoin,FX-BTC
kucoin,FX-ETH
kucoin,NIM-BTC
kucoin,NIM-ETH
kucoin,COTI-BTC
kucoin,COTI-USDT
kucoin,NRG-ETH
kucoin,PIVX-BTC
kucoin,PIVX-ETH
kucoin,BNB-BTC
kucoin,BNB-USDT
kucoin,JAR-BTC
kucoin,JAR-USDT
kucoin,ALGO-BTC
kucoin,ALGO-ETH
kucoin,ALGO-USDT
kucoin,XEM-BTC
kucoin,XEM-USDT
kucoin,CIX100-USDT
kucoin,XTZ-BTC
kucoin,XTZ-USDT
kucoin,ZEC-BTC
kucoin,ZEC-USDT
kucoin,ADA-BTC
kucoin,ADA-USDT
kucoin,R-USDT
kucoin,WXT-BTC
kucoin,WXT-USDT
kucoin,FORESTPLUS-BTC
kucoin,FORESTPLUS-USDT
kucoin,BOLT-BTC
kucoin,BOLT-USDT
kucoin,ARPA-USDT
kucoin,SERO-USDT
kucoin,CHZ-BTC
kucoin,CHZ-USDT
kucoin,DAPPT-BTC
kucoin,DAPPT-USDT
kucoin,NOIA-BTC
kucoin,NOIA-USDT
kucoin,BLOC-USDT
kucoin,WIN-BTC
kucoin,WIN-USDT
kucoin,DERO-BTC
kucoin,DERO-USDT
kucoin,BTT-USDT
kucoin,EOSC-USDT
kucoin,FKX-BTC
kucoin,FKX-ETH
kucoin,ENQ-BTC
kucoin,ENQ-USDT
kucoin,ONE-BTC
kucoin,ONE-USDT
kucoin,TOKO-BTC
kucoin,TOKO-USDT
kucoin,VID-BTC
kucoin,VID-USDT
kucoin,LUNA-BTC
kucoin,LUNA-USDT
kucoin,SDT-USDT
kucoin,MXW-USDT
kucoin,SXP-BTC
kucoin,SXP-USDT
kucoin,VIDT-BTC
kucoin,AKRO-BTC
kucoin,AKRO-USDT
kucoin,ROOBEE-BTC
kucoin,BTT-TRX
kucoin,WIN-TRX
kucoin,MAP-BTC
kucoin,MAP-USDT
kucoin,AMPL-BTC
kucoin,AMPL-USDT
kucoin,DAG-USDT
kucoin,POL-USDT
kucoin,ARX-USDT
kucoin,NWC-BTC
kucoin,NWC-USDT
kucoin,BEPRO-BTC
kucoin,BEPRO-USDT
kucoin,VRA-BTC
kucoin,VRA-USDT
kucoin,KSM-BTC
kucoin,KSM-USDT
kucoin,DASH-USDT
kucoin,PMGT-USDT
kucoin,SUTER-USDT
kucoin,PMGT-BTC
kucoin,ACOIN-USDT
kucoin,SUTER-BTC
kucoin,SENSO-USDT
kucoin,PRE-BTC
kucoin,XDB-USDT
kucoin,SYLO-USDT
kucoin,WOM-USDT
kucoin,SENSO-BTC
kucoin,DGB-USDT
kucoin,LYXE-USDT
kucoin,LYXE-ETH
kucoin,XDB-BTC
kucoin,STX-BTC
kucoin,STX-USDT
kucoin,USDN-USDT
kucoin,XSR-USDT
kucoin,COMP-USDT
kucoin,CRO-USDT
kucoin,DGTX-ETH
kucoin,DGTX-BTC
kucoin,KAI-USDT
kucoin,KAI-BTC
kucoin,WEST-BTC
kucoin,WEST-USDT
kucoin,EWT-BTC
kucoin,WAVES-USDT
kucoin,WAVES-BTC
kucoin,ORN-USDT
kucoin,AMPL-ETH
kucoin,BNS-USDT
kucoin,BNS-BTC
kucoin,MKR-USDT
kucoin,SUKU-BTC
kucoin,MLK-BTC
kucoin,MLK-USDT
kucoin,JST-USDT
kucoin,KAI-ETH
kucoin,SUKU-USDT
kucoin,DIA-USDT
kucoin,DIA-BTC
kucoin,LINK-BTC
kucoin,LINK-USDT
kucoin,DMG-USDT
kucoin,DOT-USDT
kucoin,DOT-BTC
kucoin,SHA-BTC
kucoin,SHA-USDT
kucoin,EWT-USDT
kucoin,USDJ-USDT
kucoin,EFX-BTC
kucoin,CKB-BTC
kucoin,CKB-USDT
kucoin,UMA-USDT
kucoin,ALEPH-USDT
kucoin,VELO-USDT
kucoin,SUN-USDT
kucoin,BUY-USDT
kucoin,YFI-USDT
kucoin,LOKI-USDT
kucoin,UNI-USDT
kucoin,SNTVT-BTC
kucoin,SNTVT-ETH
kucoin,UOS-USDT
kucoin,UOS-BTC
kucoin,NIM-USDT
kucoin,DEGO-USDT
kucoin,DEGO-ETH
kucoin,UDOO-ETH
kucoin,RFUEL-USDT
kucoin,FIL-USDT
kucoin,UBX-ETH
kucoin,REAP-USDT
kucoin,AAVE-USDT
kucoin,AAVE-BTC
kucoin,TONE-BTC
kucoin,TONE-ETH
kucoin,UQC-BTC
kucoin,UQC-ETH
kucoin,OPCT-BTC
kucoin,OPCT-ETH
kucoin,PRE-USDT
kucoin,COMB-USDT
kucoin,SHR-BTC
kucoin,SHR-USDT
kucoin,WIS-BTC
kucoin,VIDT-USDT
kucoin,UBXT-USDT
kucoin,BCHA-USDT
kucoin,ROSE-USDT
kucoin,BTC-UST
kucoin,ETH-UST
kucoin,USDT-UST
kucoin,LUNA-UST
kucoin,USDC-USDT
kucoin,CTI-USDT
kucoin,CTI-ETH
kucoin,ETH2-ETH
kucoin,BUX-BTC
kucoin,XHV-USDT
kucoin,PLU-USDT
kucoin,GRT-USDT
kucoin,CAS-BTC
kucoin,CAS-USDT
kucoin,MSWAP-BTC
kucoin,MSWAP-USDT
kucoin,GOM2-BTC
kucoin,GOM2-USDT
kucoin,REVV-BTC
kucoin,REVV-USDT
kucoin,LON-USDT
kucoin,1INCH-USDT
kucoin,LOC-USDT
kucoin,API3-USDT
kucoin,UNFI-USDT
kucoin,HTR-USDT
kucoin,FRONT-USDT
kucoin,FRONT-BTC
kucoin,WBTC-BTC
kucoin,WBTC-ETH
kucoin,DOT-UST
kucoin,ATOM-UST
kucoin,AAVE-UST
kucoin,YFI-UST
kucoin,SNX-UST
kucoin,USDC-UST
kucoin,MIR-USDT
kucoin,MIR-UST
kucoin,LTC-USDC
kucoin,BCH-USDC
kucoin,HYDRA-USDT
kucoin,DFI-USDT
kucoin,DFI-BTC
kucoin,CRV-USDT
kucoin,SUSHI-USDT
kucoin,FRM-USDT
kucoin,EOS-USDC
kucoin,BCHSV-USDC
kucoin,PROPS-USDT
kucoin,ZEN-USDT
kucoin,PROPS-BTC
kucoin,CUDOS-USDT
kucoin,ADA-USDC
kucoin,REN-USDT
kucoin,LRC-USDT
kucoin,LINK-USDC
kucoin,KLV-USDT
kucoin,KLV-BTC
kucoin,BOA-USDT
kucoin,THETA-USDT
kucoin,QNT-USDT
kucoin,BAT-USDT
kucoin,DOGE-USDT
kucoin,DOGE-USDC
kucoin,DAO-USDT
kucoin,STRONG-USDT
kucoin,TRIAS-USDT
kucoin,TRIAS-BTC
kucoin,DOGE-BTC
kucoin,MITX-BTC
kucoin,MITX-USDT
kucoin,CAKE-USDT
kucoin,ORAI-USDT
kucoin,BRG-USDT
kucoin,BRG-BTC
kucoin,ZEE-USDT
kucoin,LTX-USDT
kucoin,LTX-BTC
kucoin,MASK-USDT
kucoin,KLV-TRX
kucoin,IDEA-USDT
kucoin,PHA-USDT
kucoin,PHA-ETH
kucoin,BCH-KCS
kucoin,SRK-USDT
kucoin,SRK-BTC
kucoin,PIVX-USDT
kucoin,LUNA-KCS
kucoin,ADA-KCS
kucoin,HTR-BTC
kucoin,BCHSV-KCS
kucoin,DOT-KCS
kucoin,LINK-KCS
kucoin,MIR-KCS
kucoin,BNB-KCS
kucoin,XLM-KCS
kucoin,VET-KCS
kucoin,SWINGBY-USDT
kucoin,SWINGBY-BTC
kucoin,XHV-BTC
kucoin,DASH-KCS
kucoin,UNI-KCS
kucoin,AAVE-KCS
kucoin,DOGE-KCS
kucoin,ZEC-KCS
kucoin,XTZ-KCS
kucoin,GRT-KCS
kucoin,NANO-KCS
kucoin,ALGO-KCS
kucoin,EWT-KCS
kucoin,GAS-USDT
kucoin,AVAX-USDT
kucoin,AVAX-BTC
kucoin,KRL-BTC
kucoin,KRL-USDT
kucoin,POLK-USDT
kucoin,POLK-BTC
kucoin,ENJ-USDT
kucoin,MANA-USDT
kucoin,RNDR-USDT
kucoin,RNDR-BTC
kucoin,RLY-USDT
kucoin,ANC-USDT
kucoin,ANC-UST
kucoin,SKEY-USDT
kucoin,LAYER-USDT
kucoin,TARA-USDT
kucoin,TARA-ETH
kucoin,IOST-USDT
kucoin,DYP-USDT
kucoin,DYP-ETH
kucoin,XYM-USDT
kucoin,XYM-BTC
kucoin,PCX-USDT
kucoin,PCX-BTC
kucoin,BTMX-USDT
kucoin,ORBS-USDT
kucoin,ORBS-BTC
kucoin,BTC3L-USDT
kucoin,BTC3S-USDT
kucoin,ETH3L-USDT
kucoin,ETH3S-USDT
kucoin,ANKR-USDT
kucoin,DSLA-USDT
kucoin,DSLA-BTC
kucoin,SPI-USDT
kucoin,GSPI-USDT
kucoin,SAND-USDT
kucoin,VAI-USDT
kucoin,XCUR-USDT
kucoin,XCUR-BTC
kucoin,FLUX-USDT
kucoin,OMG-USDT
kucoin,ZIL-USDT
kucoin,DODO-USDT
kucoin,CBC-USDT
kucoin,MAN-USDT
kucoin,BAX-USDT
kucoin,BOSON-USDT
kucoin,BOSON-ETH
kucoin,PUNDIX-USDT
kucoin,PUNDIX-BTC
kucoin,WAX-USDT
kucoin,HT-USDT
kucoin,PDEX-USDT
kucoin,LABS-USDT
kucoin,LABS-ETH
kucoin,GMB-USDT
kucoin,PHNX-USDT
kucoin,PHNX-BTC
kucoin,HAI-USDT
kucoin,EQZ-USDT
kucoin,EQZ-BTC
kucoin,FORTH-USDT
kucoin,CARR-USDT
kucoin,CARR-BTC
kucoin,HORD-USDT
kucoin,CGG-USDT
kucoin,UBX-USDT
kucoin,GHX-USDT
kucoin,TCP-USDT
kucoin,STND-USDT
kucoin,STND-ETH
kucoin,TOWER-USDT
kucoin,TOWER-BTC
kucoin,ACE-USDT
kucoin,LOCG-USDT
kucoin,CARD-USDT
kucoin,FLY-USDT
kucoin,CWS-USDT
kucoin,XDC-USDT
kucoin,XDC-ETH
kucoin,STRK-BTC
kucoin,STRK-ETH
kucoin,SHIB-USDT
kucoin,POLX-USDT
kucoin,KDA-USDT
kucoin,KDA-BTC
kucoin,ICP-USDT
kucoin,ICP-BTC
kucoin,STC-USDT
kucoin,STC-BTC
kucoin,GOVI-USDT
kucoin,GOVI-BTC
kucoin,FKX-USDT
kucoin,CELO-USDT
kucoin,CELO-BTC
kucoin,CUSD-USDT
kucoin,CUSD-BTC
kucoin,FCL-USDT
kucoin,AERGO-BTC
kucoin,AERGO-ETH
kucoin,XYO-ETH
kucoin,XRP-TUSD
kucoin,ETH-DAI
kucoin,LSK-BTC
kucoin,GMB-ETH
kucoin,GMB-BTC
kucoin,KAT-USDT
kucoin,MKR-BTC
kucoin,KAT-BTC
kucoin,XRP-USDC
kucoin,XYO-BTC
kucoin,LSK-ETH
kucoin,XRP-BTC
kucoin,XRP-KCS
kucoin,AVA-BTC
kucoin,XRP-PAX
kucoin,XRP-USDT
kucoin,FTM-BTC
kucoin,USDT-DAI
kucoin,BTC-DAI
kucoin,AVA-ETH
kucoin,MKR-ETH
kucoin,XRP-ETH
kucoin,FTM-ETH
kucoin,VSYS-BTC
kucoin,MKR-DAI
kucoin,BTT-BTC
kucoin,BTT-ETH
kucoin,SOLVE-BTC
kucoin,GRIN-BTC
kucoin,GRIN-ETH
kucoin,GRIN-USDT
bitstamp,btcusd
bitstamp,btceur
bitstamp,btcgbp
bitstamp,btcpax
bitstamp,btcusdc
bitstamp,gbpusd
bitstamp,gbpeur
bitstamp,eurusd
bitstamp,ethusd
bitstamp,etheur
bitstamp,ethbtc
bitstamp,ethgbp
bitstamp,ethpax
bitstamp,ethusdc
bitstamp,xrpusd
bitstamp,xrpeur
bitstamp,xrpbtc
bitstamp,xrpgbp
bitstamp,xrppax
bitstamp,uniusd
bitstamp,unieur
bitstamp,unibtc
bitstamp,ltcusd
bitstamp,ltceur
bitstamp,ltcbtc
bitstamp,ltcgbp
bitstamp,linkusd
bitstamp,linkeur
bitstamp,linkgbp
bitstamp,linkbtc
bitstamp,linketh
bitstamp,xlmbtc
bitstamp,xlmusd
bitstamp,xlmeur
bitstamp,xlmgbp
bitstamp,bchusd
bitstamp,bcheur
bitstamp,bchbtc
bitstamp,bchgbp
bitstamp,aaveusd
bitstamp,aaveeur
bitstamp,aavebtc
bitstamp,snxusd
bitstamp,snxeur
bitstamp,snxbtc
bitstamp,batusd
bitstamp,bateur
bitstamp,batbtc
bitstamp,mkrusd
bitstamp,mkreur
bitstamp,mkrbtc
bitstamp,zrxusd
bitstamp,zrxeur
bitstamp,zrxbtc
bitstamp,yfiusd
bitstamp,yfieur
bitstamp,yfibtc
bitstamp,umausd
bitstamp,umaeur
bitstamp,umabtc
bitstamp,omgusd
bitstamp,omgeur
bitstamp,omggbp
bitstamp,omgbtc
bitstamp,kncusd
bitstamp,knceur
bitstamp,kncbtc
bitstamp,usdcusd
bitstamp,usdceur
bitstamp,daiusd
bitstamp,paxusd
bitstamp,paxeur
bitstamp,paxgbp
bitstamp,eth2eth
bitstamp,gusdusd
